Issue ID,Description,State,Severity,Story Points,Project Path,Location Kind,Path,Line,Column,Incident ID,Help Link,Assembly Name,Assembly Version,Assembly Public Key,Snippet
NuGet.0001,NuGet package is incompatible,Active,Mandatory,1,Concentration\Concentration.csproj,File,Concentration\Concentration.csproj,,,Xamarin.AndroidX.Core.SplashScreen 1.2.0.2,,,,,"Xamarin.AndroidX.Core.SplashScreen, 1.2.0.2  Recommendation:  No supported version found"
Project.0002,Project's target framework(s) needs to be changed,Active,Mandatory,1,Concentration\Concentration.csproj,File,Concentration\Concentration.csproj,,,,,,,,Current target framework: net10.0-android;net10.0-ios;net10.0-maccatalyst;net10.0-windows10.0.26100.0 Recommended target framework: net10.0-android;net10.0-ios;net10.0-maccatalyst;net10.0-windows10.0.26100.0;net11.0-windows
Api.0002,Source incompatible for selected .NET version,Active,Potential,1,Concentration\Concentration.csproj,File,Concentration\obj\Release\net10.0-windows10.0.26100.0\win-x64\Microsoft.Maui.Controls.SourceGen\Microsoft.Maui.Controls.SourceGen.XamlGenerator\Resources_Styles_Styles.xaml.sg.cs,26,3,T:Microsoft.Maui.Controls.Xaml.Extensions,,,,,"global::Microsoft.Maui.Controls.Xaml.Extensions.LoadFromXaml(this, typeof(__Type2C6AD8B02A2A2472));"
Api.0002,Source incompatible for selected .NET version,Active,Potential,1,Concentration\Concentration.csproj,File,Concentration\obj\Release\net10.0-windows10.0.26100.0\win-x64\Microsoft.Maui.Controls.SourceGen\Microsoft.Maui.Controls.SourceGen.XamlGenerator\Resources_Styles_Styles.xaml.sg.cs,16,2,M:Microsoft.Maui.Controls.ResourceDictionary.#ctor,,,,,"[global::System.CodeDom.Compiler.GeneratedCode(""Microsoft.Maui.Controls.SourceGen"", ""1.0.0.0"")]  		public __Type2C6AD8B02A2A2472() => InitializeComponent();"
Api.0002,Source incompatible for selected .NET version,Active,Potential,1,Concentration\Concentration.csproj,File,Concentration\obj\Release\net10.0-windows10.0.26100.0\win-x64\Microsoft.Maui.Controls.SourceGen\Microsoft.Maui.Controls.SourceGen.XamlGenerator\Resources_Styles_Styles.xaml.sg.cs,16,2,M:Microsoft.Maui.Controls.ResourceDictionary.#ctor,,,,,"[global::System.CodeDom.Compiler.GeneratedCode(""Microsoft.Maui.Controls.SourceGen"", ""1.0.0.0"")]  		public __Type2C6AD8B02A2A2472() => InitializeComponent();"
Api.0002,Source incompatible for selected .NET version,Active,Potential,1,Concentration\Concentration.csproj,File,Concentration\obj\Release\net10.0-windows10.0.26100.0\win-x64\Microsoft.Maui.Controls.SourceGen\Microsoft.Maui.Controls.SourceGen.XamlGenerator\Resources_Styles_Styles.xaml.sg.cs,14,79,T:Microsoft.Maui.Controls.ResourceDictionary,,,,,ResourceDictionary
Api.0002,Source incompatible for selected .NET version,Active,Potential,1,Concentration\Concentration.csproj,File,Concentration\obj\Release\net10.0-windows10.0.26100.0\win-x64\Microsoft.Maui.Controls.SourceGen\Microsoft.Maui.Controls.SourceGen.XamlGenerator\Resources_Styles_Colors.xaml.sg.cs,26,3,T:Microsoft.Maui.Controls.Xaml.Extensions,,,,,"global::Microsoft.Maui.Controls.Xaml.Extensions.LoadFromXaml(this, typeof(__Type1BD372483CB490EC));"
Api.0002,Source incompatible for selected .NET version,Active,Potential,1,Concentration\Concentration.csproj,File,Concentration\obj\Release\net10.0-windows10.0.26100.0\win-x64\Microsoft.Maui.Controls.SourceGen\Microsoft.Maui.Controls.SourceGen.XamlGenerator\Resources_Styles_Colors.xaml.sg.cs,16,2,M:Microsoft.Maui.Controls.ResourceDictionary.#ctor,,,,,"[global::System.CodeDom.Compiler.GeneratedCode(""Microsoft.Maui.Controls.SourceGen"", ""1.0.0.0"")]  		public __Type1BD372483CB490EC() => InitializeComponent();"
Api.0002,Source incompatible for selected .NET version,Active,Potential,1,Concentration\Concentration.csproj,File,Concentration\obj\Release\net10.0-windows10.0.26100.0\win-x64\Microsoft.Maui.Controls.SourceGen\Microsoft.Maui.Controls.SourceGen.XamlGenerator\Resources_Styles_Colors.xaml.sg.cs,16,2,M:Microsoft.Maui.Controls.ResourceDictionary.#ctor,,,,,"[global::System.CodeDom.Compiler.GeneratedCode(""Microsoft.Maui.Controls.SourceGen"", ""1.0.0.0"")]  		public __Type1BD372483CB490EC() => InitializeComponent();"
Api.0002,Source incompatible for selected .NET version,Active,Potential,1,Concentration\Concentration.csproj,File,Concentration\obj\Release\net10.0-windows10.0.26100.0\win-x64\Microsoft.Maui.Controls.SourceGen\Microsoft.Maui.Controls.SourceGen.XamlGenerator\Resources_Styles_Colors.xaml.sg.cs,14,79,T:Microsoft.Maui.Controls.ResourceDictionary,,,,,ResourceDictionary
Api.0002,Source incompatible for selected .NET version,Active,Potential,1,Concentration\Concentration.csproj,File,Concentration\obj\Release\net10.0-windows10.0.26100.0\win-x64\Microsoft.Maui.Controls.BindingSourceGen\Microsoft.Maui.Controls.BindingSourceGen.BindingSourceGenerator\GeneratedBindingInterceptorsCommon.g.cs,22,2,T:Microsoft.Maui.Controls.BindingMode,,,,,private static bool ShouldUseSetter(BindingMode mode)
Api.0002,Source incompatible for selected .NET version,Active,Potential,1,Concentration\Concentration.csproj,File,Concentration\obj\Release\net10.0-windows10.0.26100.0\win-x64\Microsoft.Maui.Controls.BindingSourceGen\Microsoft.Maui.Controls.BindingSourceGen.BindingSourceGenerator\GeneratedBindingInterceptorsCommon.g.cs,25,15,T:Microsoft.Maui.Controls.BindingMode,,,,,BindingMode.Default
Api.0002,Source incompatible for selected .NET version,Active,Potential,1,Concentration\Concentration.csproj,File,Concentration\obj\Release\net10.0-windows10.0.26100.0\win-x64\Microsoft.Maui.Controls.BindingSourceGen\Microsoft.Maui.Controls.BindingSourceGen.BindingSourceGenerator\GeneratedBindingInterceptorsCommon.g.cs,25,15,T:Microsoft.Maui.Controls.BindingMode,,,,,BindingMode.Default
Api.0002,Source incompatible for selected .NET version,Active,Potential,1,Concentration\Concentration.csproj,File,Concentration\obj\Release\net10.0-windows10.0.26100.0\win-x64\Microsoft.Maui.Controls.BindingSourceGen\Microsoft.Maui.Controls.BindingSourceGen.BindingSourceGenerator\GeneratedBindingInterceptorsCommon.g.cs,25,15,F:Microsoft.Maui.Controls.BindingMode.Default,,,,,BindingMode.Default
Api.0002,Source incompatible for selected .NET version,Active,Potential,1,Concentration\Concentration.csproj,File,Concentration\obj\Release\net10.0-windows10.0.26100.0\win-x64\Microsoft.Maui.Controls.BindingSourceGen\Microsoft.Maui.Controls.BindingSourceGen.BindingSourceGenerator\GeneratedBindingInterceptorsCommon.g.cs,24,15,T:Microsoft.Maui.Controls.BindingMode,,,,,BindingMode.TwoWay
Api.0002,Source incompatible for selected .NET version,Active,Potential,1,Concentration\Concentration.csproj,File,Concentration\obj\Release\net10.0-windows10.0.26100.0\win-x64\Microsoft.Maui.Controls.BindingSourceGen\Microsoft.Maui.Controls.BindingSourceGen.BindingSourceGenerator\GeneratedBindingInterceptorsCommon.g.cs,24,15,T:Microsoft.Maui.Controls.BindingMode,,,,,BindingMode.TwoWay
Api.0002,Source incompatible for selected .NET version,Active,Potential,1,Concentration\Concentration.csproj,File,Concentration\obj\Release\net10.0-windows10.0.26100.0\win-x64\Microsoft.Maui.Controls.BindingSourceGen\Microsoft.Maui.Controls.BindingSourceGen.BindingSourceGenerator\GeneratedBindingInterceptorsCommon.g.cs,24,15,F:Microsoft.Maui.Controls.BindingMode.TwoWay,,,,,BindingMode.TwoWay
Api.0002,Source incompatible for selected .NET version,Active,Potential,1,Concentration\Concentration.csproj,File,Concentration\obj\Release\net10.0-windows10.0.26100.0\win-x64\Microsoft.Maui.Controls.BindingSourceGen\Microsoft.Maui.Controls.BindingSourceGen.BindingSourceGenerator\GeneratedBindingInterceptorsCommon.g.cs,23,14,T:Microsoft.Maui.Controls.BindingMode,,,,,BindingMode.OneWayToSource
Api.0002,Source incompatible for selected .NET version,Active,Potential,1,Concentration\Concentration.csproj,File,Concentration\obj\Release\net10.0-windows10.0.26100.0\win-x64\Microsoft.Maui.Controls.BindingSourceGen\Microsoft.Maui.Controls.BindingSourceGen.BindingSourceGenerator\GeneratedBindingInterceptorsCommon.g.cs,23,14,T:Microsoft.Maui.Controls.BindingMode,,,,,BindingMode.OneWayToSource
Api.0002,Source incompatible for selected .NET version,Active,Potential,1,Concentration\Concentration.csproj,File,Concentration\obj\Release\net10.0-windows10.0.26100.0\win-x64\Microsoft.Maui.Controls.BindingSourceGen\Microsoft.Maui.Controls.BindingSourceGen.BindingSourceGenerator\GeneratedBindingInterceptorsCommon.g.cs,23,14,F:Microsoft.Maui.Controls.BindingMode.OneWayToSource,,,,,BindingMode.OneWayToSource
Api.0002,Source incompatible for selected .NET version,Active,Potential,1,Concentration\Concentration.csproj,File,Concentration\obj\Release\net10.0-windows10.0.26100.0\win-x64\Microsoft.Maui.Controls.BindingSourceGen\Microsoft.Maui.Controls.BindingSourceGen.BindingSourceGenerator\GeneratedBindingInterceptorsCommon.g.cs,15,2,T:Microsoft.Maui.Controls.BindableProperty,,,,,"private static bool ShouldUseSetter(BindingMode mode, BindableProperty bindableProperty)"
Api.0002,Source incompatible for selected .NET version,Active,Potential,1,Concentration\Concentration.csproj,File,Concentration\obj\Release\net10.0-windows10.0.26100.0\win-x64\Microsoft.Maui.Controls.BindingSourceGen\Microsoft.Maui.Controls.BindingSourceGen.BindingSourceGenerator\GeneratedBindingInterceptorsCommon.g.cs,15,2,T:Microsoft.Maui.Controls.BindingMode,,,,,"private static bool ShouldUseSetter(BindingMode mode, BindableProperty bindableProperty)"
Api.0002,Source incompatible for selected .NET version,Active,Potential,1,Concentration\Concentration.csproj,File,Concentration\obj\Release\net10.0-windows10.0.26100.0\win-x64\Microsoft.Maui.Controls.BindingSourceGen\Microsoft.Maui.Controls.BindingSourceGen.BindingSourceGenerator\GeneratedBindingInterceptorsCommon.g.cs,20,48,T:Microsoft.Maui.Controls.BindingMode,,,,,BindingMode.TwoWay
Api.0002,Source incompatible for selected .NET version,Active,Potential,1,Concentration\Concentration.csproj,File,Concentration\obj\Release\net10.0-windows10.0.26100.0\win-x64\Microsoft.Maui.Controls.BindingSourceGen\Microsoft.Maui.Controls.BindingSourceGen.BindingSourceGenerator\GeneratedBindingInterceptorsCommon.g.cs,20,48,T:Microsoft.Maui.Controls.BindingMode,,,,,BindingMode.TwoWay
Api.0002,Source incompatible for selected .NET version,Active,Potential,1,Concentration\Concentration.csproj,File,Concentration\obj\Release\net10.0-windows10.0.26100.0\win-x64\Microsoft.Maui.Controls.BindingSourceGen\Microsoft.Maui.Controls.BindingSourceGen.BindingSourceGenerator\GeneratedBindingInterceptorsCommon.g.cs,20,48,F:Microsoft.Maui.Controls.BindingMode.TwoWay,,,,,BindingMode.TwoWay
Api.0002,Source incompatible for selected .NET version,Active,Potential,1,Concentration\Concentration.csproj,File,Concentration\obj\Release\net10.0-windows10.0.26100.0\win-x64\Microsoft.Maui.Controls.BindingSourceGen\Microsoft.Maui.Controls.BindingSourceGen.BindingSourceGenerator\GeneratedBindingInterceptorsCommon.g.cs,20,9,T:Microsoft.Maui.Controls.BindingMode,,,,,bindableProperty.DefaultBindingMode
Api.0002,Source incompatible for selected .NET version,Active,Potential,1,Concentration\Concentration.csproj,File,Concentration\obj\Release\net10.0-windows10.0.26100.0\win-x64\Microsoft.Maui.Controls.BindingSourceGen\Microsoft.Maui.Controls.BindingSourceGen.BindingSourceGenerator\GeneratedBindingInterceptorsCommon.g.cs,20,9,P:Microsoft.Maui.Controls.BindableProperty.DefaultBindingMode,,,,,bindableProperty.DefaultBindingMode
Api.0002,Source incompatible for selected .NET version,Active,Potential,1,Concentration\Concentration.csproj,File,Concentration\obj\Release\net10.0-windows10.0.26100.0\win-x64\Microsoft.Maui.Controls.BindingSourceGen\Microsoft.Maui.Controls.BindingSourceGen.BindingSourceGenerator\GeneratedBindingInterceptorsCommon.g.cs,19,48,T:Microsoft.Maui.Controls.BindingMode,,,,,BindingMode.OneWayToSource
Api.0002,Source incompatible for selected .NET version,Active,Potential,1,Concentration\Concentration.csproj,File,Concentration\obj\Release\net10.0-windows10.0.26100.0\win-x64\Microsoft.Maui.Controls.BindingSourceGen\Microsoft.Maui.Controls.BindingSourceGen.BindingSourceGenerator\GeneratedBindingInterceptorsCommon.g.cs,19,48,T:Microsoft.Maui.Controls.BindingMode,,,,,BindingMode.OneWayToSource
Api.0002,Source incompatible for selected .NET version,Active,Potential,1,Concentration\Concentration.csproj,File,Concentration\obj\Release\net10.0-windows10.0.26100.0\win-x64\Microsoft.Maui.Controls.BindingSourceGen\Microsoft.Maui.Controls.BindingSourceGen.BindingSourceGenerator\GeneratedBindingInterceptorsCommon.g.cs,19,48,F:Microsoft.Maui.Controls.BindingMode.OneWayToSource,,,,,BindingMode.OneWayToSource
Api.0002,Source incompatible for selected .NET version,Active,Potential,1,Concentration\Concentration.csproj,File,Concentration\obj\Release\net10.0-windows10.0.26100.0\win-x64\Microsoft.Maui.Controls.BindingSourceGen\Microsoft.Maui.Controls.BindingSourceGen.BindingSourceGenerator\GeneratedBindingInterceptorsCommon.g.cs,19,9,T:Microsoft.Maui.Controls.BindingMode,,,,,bindableProperty.DefaultBindingMode
Api.0002,Source incompatible for selected .NET version,Active,Potential,1,Concentration\Concentration.csproj,File,Concentration\obj\Release\net10.0-windows10.0.26100.0\win-x64\Microsoft.Maui.Controls.BindingSourceGen\Microsoft.Maui.Controls.BindingSourceGen.BindingSourceGenerator\GeneratedBindingInterceptorsCommon.g.cs,19,9,P:Microsoft.Maui.Controls.BindableProperty.DefaultBindingMode,,,,,bindableProperty.DefaultBindingMode
Api.0002,Source incompatible for selected .NET version,Active,Potential,1,Concentration\Concentration.csproj,File,Concentration\obj\Release\net10.0-windows10.0.26100.0\win-x64\Microsoft.Maui.Controls.BindingSourceGen\Microsoft.Maui.Controls.BindingSourceGen.BindingSourceGenerator\GeneratedBindingInterceptorsCommon.g.cs,18,16,T:Microsoft.Maui.Controls.BindingMode,,,,,BindingMode.Default
Api.0002,Source incompatible for selected .NET version,Active,Potential,1,Concentration\Concentration.csproj,File,Concentration\obj\Release\net10.0-windows10.0.26100.0\win-x64\Microsoft.Maui.Controls.BindingSourceGen\Microsoft.Maui.Controls.BindingSourceGen.BindingSourceGenerator\GeneratedBindingInterceptorsCommon.g.cs,18,16,T:Microsoft.Maui.Controls.BindingMode,,,,,BindingMode.Default
Api.0002,Source incompatible for selected .NET version,Active,Potential,1,Concentration\Concentration.csproj,File,Concentration\obj\Release\net10.0-windows10.0.26100.0\win-x64\Microsoft.Maui.Controls.BindingSourceGen\Microsoft.Maui.Controls.BindingSourceGen.BindingSourceGenerator\GeneratedBindingInterceptorsCommon.g.cs,18,16,F:Microsoft.Maui.Controls.BindingMode.Default,,,,,BindingMode.Default
Api.0002,Source incompatible for selected .NET version,Active,Potential,1,Concentration\Concentration.csproj,File,Concentration\obj\Release\net10.0-windows10.0.26100.0\win-x64\Microsoft.Maui.Controls.BindingSourceGen\Microsoft.Maui.Controls.BindingSourceGen.BindingSourceGenerator\GeneratedBindingInterceptorsCommon.g.cs,17,15,T:Microsoft.Maui.Controls.BindingMode,,,,,BindingMode.TwoWay
Api.0002,Source incompatible for selected .NET version,Active,Potential,1,Concentration\Concentration.csproj,File,Concentration\obj\Release\net10.0-windows10.0.26100.0\win-x64\Microsoft.Maui.Controls.BindingSourceGen\Microsoft.Maui.Controls.BindingSourceGen.BindingSourceGenerator\GeneratedBindingInterceptorsCommon.g.cs,17,15,T:Microsoft.Maui.Controls.BindingMode,,,,,BindingMode.TwoWay
Api.0002,Source incompatible for selected .NET version,Active,Potential,1,Concentration\Concentration.csproj,File,Concentration\obj\Release\net10.0-windows10.0.26100.0\win-x64\Microsoft.Maui.Controls.BindingSourceGen\Microsoft.Maui.Controls.BindingSourceGen.BindingSourceGenerator\GeneratedBindingInterceptorsCommon.g.cs,17,15,F:Microsoft.Maui.Controls.BindingMode.TwoWay,,,,,BindingMode.TwoWay
Api.0002,Source incompatible for selected .NET version,Active,Potential,1,Concentration\Concentration.csproj,File,Concentration\obj\Release\net10.0-windows10.0.26100.0\win-x64\Microsoft.Maui.Controls.BindingSourceGen\Microsoft.Maui.Controls.BindingSourceGen.BindingSourceGenerator\GeneratedBindingInterceptorsCommon.g.cs,16,14,T:Microsoft.Maui.Controls.BindingMode,,,,,BindingMode.OneWayToSource
Api.0002,Source incompatible for selected .NET version,Active,Potential,1,Concentration\Concentration.csproj,File,Concentration\obj\Release\net10.0-windows10.0.26100.0\win-x64\Microsoft.Maui.Controls.BindingSourceGen\Microsoft.Maui.Controls.BindingSourceGen.BindingSourceGenerator\GeneratedBindingInterceptorsCommon.g.cs,16,14,T:Microsoft.Maui.Controls.BindingMode,,,,,BindingMode.OneWayToSource
Api.0002,Source incompatible for selected .NET version,Active,Potential,1,Concentration\Concentration.csproj,File,Concentration\obj\Release\net10.0-windows10.0.26100.0\win-x64\Microsoft.Maui.Controls.BindingSourceGen\Microsoft.Maui.Controls.BindingSourceGen.BindingSourceGenerator\GeneratedBindingInterceptorsCommon.g.cs,16,14,F:Microsoft.Maui.Controls.BindingMode.OneWayToSource,,,,,BindingMode.OneWayToSource
Api.0002,Source incompatible for selected .NET version,Active,Potential,1,Concentration\Concentration.csproj,File,Concentration\Converters\NegateBooleanConverter.cs,2,42,T:Microsoft.Maui.Controls.IValueConverter,,,,,IValueConverter
Api.0002,Source incompatible for selected .NET version,Active,Potential,1,Concentration\Concentration.csproj,File,Concentration\Converters\DifficultyToStringConverter.cs,7,47,T:Microsoft.Maui.Controls.IValueConverter,,,,,IValueConverter
Api.0002,Source incompatible for selected .NET version,Active,Potential,1,Concentration\Concentration.csproj,File,Concentration\obj\Release\net10.0-windows10.0.26100.0\win-x64\Microsoft.Maui.Controls.SourceGen\Microsoft.Maui.Controls.SourceGen.XamlGenerator\Views_Popups_HiscoreTables.xaml.sg.cs,32,3,T:Microsoft.Maui.Controls.NameScopeExtensions,,,,,"ViewModel = global::Microsoft.Maui.Controls.NameScopeExtensions.FindByName<global::Concentration.ViewModels.HiscoreViewModel>(this, ""ViewModel"");"
Api.0002,Source incompatible for selected .NET version,Active,Potential,1,Concentration\Concentration.csproj,File,Concentration\obj\Release\net10.0-windows10.0.26100.0\win-x64\Microsoft.Maui.Controls.SourceGen\Microsoft.Maui.Controls.SourceGen.XamlGenerator\Views_Popups_HiscoreTables.xaml.sg.cs,32,3,"M:Microsoft.Maui.Controls.NameScopeExtensions.FindByName``1(Microsoft.Maui.Controls.Element,System.String)",,,,,"ViewModel = global::Microsoft.Maui.Controls.NameScopeExtensions.FindByName<global::Concentration.ViewModels.HiscoreViewModel>(this, ""ViewModel"");"
Api.0002,Source incompatible for selected .NET version,Active,Potential,1,Concentration\Concentration.csproj,File,Concentration\obj\Release\net10.0-windows10.0.26100.0\win-x64\Microsoft.Maui.Controls.SourceGen\Microsoft.Maui.Controls.SourceGen.XamlGenerator\Views_Popups_HiscoreTables.xaml.sg.cs,31,3,T:Microsoft.Maui.Controls.Xaml.Extensions,,,,,"global::Microsoft.Maui.Controls.Xaml.Extensions.LoadFromXaml(this, typeof(HiscoreTables));"
Api.0002,Source incompatible for selected .NET version,Active,Potential,1,Concentration\Concentration.csproj,File,Concentration\Views\Popups\HiscoreTables.xaml.cs,11,8,M:Microsoft.Maui.Controls.Page.OnAppearing,,,,,base.OnAppearing();
Api.0002,Source incompatible for selected .NET version,Active,Potential,1,Concentration\Concentration.csproj,File,Concentration\obj\Release\net10.0-windows10.0.26100.0\win-x64\Microsoft.Maui.Controls.SourceGen\Microsoft.Maui.Controls.SourceGen.XamlGenerator\Views_NewGame.xaml.sg.cs,128,3,T:Microsoft.Maui.Controls.NameScopeExtensions,,,,,"tile15 = global::Microsoft.Maui.Controls.NameScopeExtensions.FindByName<global::Microsoft.Maui.Controls.Image>(this, ""tile15"");"
Api.0002,Source incompatible for selected .NET version,Active,Potential,1,Concentration\Concentration.csproj,File,Concentration\obj\Release\net10.0-windows10.0.26100.0\win-x64\Microsoft.Maui.Controls.SourceGen\Microsoft.Maui.Controls.SourceGen.XamlGenerator\Views_NewGame.xaml.sg.cs,128,3,T:Microsoft.Maui.Controls.Image,,,,,"tile15 = global::Microsoft.Maui.Controls.NameScopeExtensions.FindByName<global::Microsoft.Maui.Controls.Image>(this, ""tile15"");"
Api.0002,Source incompatible for selected .NET version,Active,Potential,1,Concentration\Concentration.csproj,File,Concentration\obj\Release\net10.0-windows10.0.26100.0\win-x64\Microsoft.Maui.Controls.SourceGen\Microsoft.Maui.Controls.SourceGen.XamlGenerator\Views_NewGame.xaml.sg.cs,128,3,"M:Microsoft.Maui.Controls.NameScopeExtensions.FindByName``1(Microsoft.Maui.Controls.Element,System.String)",,,,,"tile15 = global::Microsoft.Maui.Controls.NameScopeExtensions.FindByName<global::Microsoft.Maui.Controls.Image>(this, ""tile15"");"
Api.0002,Source incompatible for selected .NET version,Active,Potential,1,Concentration\Concentration.csproj,File,Concentration\obj\Release\net10.0-windows10.0.26100.0\win-x64\Microsoft.Maui.Controls.SourceGen\Microsoft.Maui.Controls.SourceGen.XamlGenerator\Views_NewGame.xaml.sg.cs,128,3,T:Microsoft.Maui.Controls.Image,,,,,"tile15 = global::Microsoft.Maui.Controls.NameScopeExtensions.FindByName<global::Microsoft.Maui.Controls.Image>(this, ""tile15"");"
Api.0002,Source incompatible for selected .NET version,Active,Potential,1,Concentration\Concentration.csproj,File,Concentration\obj\Release\net10.0-windows10.0.26100.0\win-x64\Microsoft.Maui.Controls.SourceGen\Microsoft.Maui.Controls.SourceGen.XamlGenerator\Views_NewGame.xaml.sg.cs,127,3,T:Microsoft.Maui.Controls.NameScopeExtensions,,,,,"tile14 = global::Microsoft.Maui.Controls.NameScopeExtensions.FindByName<global::Microsoft.Maui.Controls.Image>(this, ""tile14"");"
Api.0002,Source incompatible for selected .NET version,Active,Potential,1,Concentration\Concentration.csproj,File,Concentration\obj\Release\net10.0-windows10.0.26100.0\win-x64\Microsoft.Maui.Controls.SourceGen\Microsoft.Maui.Controls.SourceGen.XamlGenerator\Views_NewGame.xaml.sg.cs,127,3,T:Microsoft.Maui.Controls.Image,,,,,"tile14 = global::Microsoft.Maui.Controls.NameScopeExtensions.FindByName<global::Microsoft.Maui.Controls.Image>(this, ""tile14"");"
Api.0002,Source incompatible for selected .NET version,Active,Potential,1,Concentration\Concentration.csproj,File,Concentration\obj\Release\net10.0-windows10.0.26100.0\win-x64\Microsoft.Maui.Controls.SourceGen\Microsoft.Maui.Controls.SourceGen.XamlGenerator\Views_NewGame.xaml.sg.cs,127,3,"M:Microsoft.Maui.Controls.NameScopeExtensions.FindByName``1(Microsoft.Maui.Controls.Element,System.String)",,,,,"tile14 = global::Microsoft.Maui.Controls.NameScopeExtensions.FindByName<global::Microsoft.Maui.Controls.Image>(this, ""tile14"");"
Api.0002,Source incompatible for selected .NET version,Active,Potential,1,Concentration\Concentration.csproj,File,Concentration\obj\Release\net10.0-windows10.0.26100.0\win-x64\Microsoft.Maui.Controls.SourceGen\Microsoft.Maui.Controls.SourceGen.XamlGenerator\Views_NewGame.xaml.sg.cs,127,3,T:Microsoft.Maui.Controls.Image,,,,,"tile14 = global::Microsoft.Maui.Controls.NameScopeExtensions.FindByName<global::Microsoft.Maui.Controls.Image>(this, ""tile14"");"
Api.0002,Source incompatible for selected .NET version,Active,Potential,1,Concentration\Concentration.csproj,File,Concentration\obj\Release\net10.0-windows10.0.26100.0\win-x64\Microsoft.Maui.Controls.SourceGen\Microsoft.Maui.Controls.SourceGen.XamlGenerator\Views_NewGame.xaml.sg.cs,126,3,T:Microsoft.Maui.Controls.NameScopeExtensions,,,,,"tile13 = global::Microsoft.Maui.Controls.NameScopeExtensions.FindByName<global::Microsoft.Maui.Controls.Image>(this, ""tile13"");"
Api.0002,Source incompatible for selected .NET version,Active,Potential,1,Concentration\Concentration.csproj,File,Concentration\obj\Release\net10.0-windows10.0.26100.0\win-x64\Microsoft.Maui.Controls.SourceGen\Microsoft.Maui.Controls.SourceGen.XamlGenerator\Views_NewGame.xaml.sg.cs,126,3,T:Microsoft.Maui.Controls.Image,,,,,"tile13 = global::Microsoft.Maui.Controls.NameScopeExtensions.FindByName<global::Microsoft.Maui.Controls.Image>(this, ""tile13"");"
Api.0002,Source incompatible for selected .NET version,Active,Potential,1,Concentration\Concentration.csproj,File,Concentration\obj\Release\net10.0-windows10.0.26100.0\win-x64\Microsoft.Maui.Controls.SourceGen\Microsoft.Maui.Controls.SourceGen.XamlGenerator\Views_NewGame.xaml.sg.cs,126,3,"M:Microsoft.Maui.Controls.NameScopeExtensions.FindByName``1(Microsoft.Maui.Controls.Element,System.String)",,,,,"tile13 = global::Microsoft.Maui.Controls.NameScopeExtensions.FindByName<global::Microsoft.Maui.Controls.Image>(this, ""tile13"");"
Api.0002,Source incompatible for selected .NET version,Active,Potential,1,Concentration\Concentration.csproj,File,Concentration\obj\Release\net10.0-windows10.0.26100.0\win-x64\Microsoft.Maui.Controls.SourceGen\Microsoft.Maui.Controls.SourceGen.XamlGenerator\Views_NewGame.xaml.sg.cs,126,3,T:Microsoft.Maui.Controls.Image,,,,,"tile13 = global::Microsoft.Maui.Controls.NameScopeExtensions.FindByName<global::Microsoft.Maui.Controls.Image>(this, ""tile13"");"
Api.0002,Source incompatible for selected .NET version,Active,Potential,1,Concentration\Concentration.csproj,File,Concentration\obj\Release\net10.0-windows10.0.26100.0\win-x64\Microsoft.Maui.Controls.SourceGen\Microsoft.Maui.Controls.SourceGen.XamlGenerator\Views_NewGame.xaml.sg.cs,125,3,T:Microsoft.Maui.Controls.NameScopeExtensions,,,,,"tile12 = global::Microsoft.Maui.Controls.NameScopeExtensions.FindByName<global::Microsoft.Maui.Controls.Image>(this, ""tile12"");"
Api.0002,Source incompatible for selected .NET version,Active,Potential,1,Concentration\Concentration.csproj,File,Concentration\obj\Release\net10.0-windows10.0.26100.0\win-x64\Microsoft.Maui.Controls.SourceGen\Microsoft.Maui.Controls.SourceGen.XamlGenerator\Views_NewGame.xaml.sg.cs,125,3,T:Microsoft.Maui.Controls.Image,,,,,"tile12 = global::Microsoft.Maui.Controls.NameScopeExtensions.FindByName<global::Microsoft.Maui.Controls.Image>(this, ""tile12"");"
Api.0002,Source incompatible for selected .NET version,Active,Potential,1,Concentration\Concentration.csproj,File,Concentration\obj\Release\net10.0-windows10.0.26100.0\win-x64\Microsoft.Maui.Controls.SourceGen\Microsoft.Maui.Controls.SourceGen.XamlGenerator\Views_NewGame.xaml.sg.cs,125,3,"M:Microsoft.Maui.Controls.NameScopeExtensions.FindByName``1(Microsoft.Maui.Controls.Element,System.String)",,,,,"tile12 = global::Microsoft.Maui.Controls.NameScopeExtensions.FindByName<global::Microsoft.Maui.Controls.Image>(this, ""tile12"");"
Api.0002,Source incompatible for selected .NET version,Active,Potential,1,Concentration\Concentration.csproj,File,Concentration\obj\Release\net10.0-windows10.0.26100.0\win-x64\Microsoft.Maui.Controls.SourceGen\Microsoft.Maui.Controls.SourceGen.XamlGenerator\Views_NewGame.xaml.sg.cs,125,3,T:Microsoft.Maui.Controls.Image,,,,,"tile12 = global::Microsoft.Maui.Controls.NameScopeExtensions.FindByName<global::Microsoft.Maui.Controls.Image>(this, ""tile12"");"
Api.0002,Source incompatible for selected .NET version,Active,Potential,1,Concentration\Concentration.csproj,File,Concentration\obj\Release\net10.0-windows10.0.26100.0\win-x64\Microsoft.Maui.Controls.SourceGen\Microsoft.Maui.Controls.SourceGen.XamlGenerator\Views_NewGame.xaml.sg.cs,124,3,T:Microsoft.Maui.Controls.NameScopeExtensions,,,,,"tile11 = global::Microsoft.Maui.Controls.NameScopeExtensions.FindByName<global::Microsoft.Maui.Controls.Image>(this, ""tile11"");"
Api.0002,Source incompatible for selected .NET version,Active,Potential,1,Concentration\Concentration.csproj,File,Concentration\obj\Release\net10.0-windows10.0.26100.0\win-x64\Microsoft.Maui.Controls.SourceGen\Microsoft.Maui.Controls.SourceGen.XamlGenerator\Views_NewGame.xaml.sg.cs,124,3,T:Microsoft.Maui.Controls.Image,,,,,"tile11 = global::Microsoft.Maui.Controls.NameScopeExtensions.FindByName<global::Microsoft.Maui.Controls.Image>(this, ""tile11"");"
Api.0002,Source incompatible for selected .NET version,Active,Potential,1,Concentration\Concentration.csproj,File,Concentration\obj\Release\net10.0-windows10.0.26100.0\win-x64\Microsoft.Maui.Controls.SourceGen\Microsoft.Maui.Controls.SourceGen.XamlGenerator\Views_NewGame.xaml.sg.cs,124,3,"M:Microsoft.Maui.Controls.NameScopeExtensions.FindByName``1(Microsoft.Maui.Controls.Element,System.String)",,,,,"tile11 = global::Microsoft.Maui.Controls.NameScopeExtensions.FindByName<global::Microsoft.Maui.Controls.Image>(this, ""tile11"");"
Api.0002,Source incompatible for selected .NET version,Active,Potential,1,Concentration\Concentration.csproj,File,Concentration\obj\Release\net10.0-windows10.0.26100.0\win-x64\Microsoft.Maui.Controls.SourceGen\Microsoft.Maui.Controls.SourceGen.XamlGenerator\Views_NewGame.xaml.sg.cs,124,3,T:Microsoft.Maui.Controls.Image,,,,,"tile11 = global::Microsoft.Maui.Controls.NameScopeExtensions.FindByName<global::Microsoft.Maui.Controls.Image>(this, ""tile11"");"
Api.0002,Source incompatible for selected .NET version,Active,Potential,1,Concentration\Concentration.csproj,File,Concentration\obj\Release\net10.0-windows10.0.26100.0\win-x64\Microsoft.Maui.Controls.SourceGen\Microsoft.Maui.Controls.SourceGen.XamlGenerator\Views_NewGame.xaml.sg.cs,123,3,T:Microsoft.Maui.Controls.NameScopeExtensions,,,,,"tile10 = global::Microsoft.Maui.Controls.NameScopeExtensions.FindByName<global::Microsoft.Maui.Controls.Image>(this, ""tile10"");"
Api.0002,Source incompatible for selected .NET version,Active,Potential,1,Concentration\Concentration.csproj,File,Concentration\obj\Release\net10.0-windows10.0.26100.0\win-x64\Microsoft.Maui.Controls.SourceGen\Microsoft.Maui.Controls.SourceGen.XamlGenerator\Views_NewGame.xaml.sg.cs,123,3,T:Microsoft.Maui.Controls.Image,,,,,"tile10 = global::Microsoft.Maui.Controls.NameScopeExtensions.FindByName<global::Microsoft.Maui.Controls.Image>(this, ""tile10"");"
Api.0002,Source incompatible for selected .NET version,Active,Potential,1,Concentration\Concentration.csproj,File,Concentration\obj\Release\net10.0-windows10.0.26100.0\win-x64\Microsoft.Maui.Controls.SourceGen\Microsoft.Maui.Controls.SourceGen.XamlGenerator\Views_NewGame.xaml.sg.cs,123,3,"M:Microsoft.Maui.Controls.NameScopeExtensions.FindByName``1(Microsoft.Maui.Controls.Element,System.String)",,,,,"tile10 = global::Microsoft.Maui.Controls.NameScopeExtensions.FindByName<global::Microsoft.Maui.Controls.Image>(this, ""tile10"");"
Api.0002,Source incompatible for selected .NET version,Active,Potential,1,Concentration\Concentration.csproj,File,Concentration\obj\Release\net10.0-windows10.0.26100.0\win-x64\Microsoft.Maui.Controls.SourceGen\Microsoft.Maui.Controls.SourceGen.XamlGenerator\Views_NewGame.xaml.sg.cs,123,3,T:Microsoft.Maui.Controls.Image,,,,,"tile10 = global::Microsoft.Maui.Controls.NameScopeExtensions.FindByName<global::Microsoft.Maui.Controls.Image>(this, ""tile10"");"
Api.0002,Source incompatible for selected .NET version,Active,Potential,1,Concentration\Concentration.csproj,File,Concentration\obj\Release\net10.0-windows10.0.26100.0\win-x64\Microsoft.Maui.Controls.SourceGen\Microsoft.Maui.Controls.SourceGen.XamlGenerator\Views_NewGame.xaml.sg.cs,122,3,T:Microsoft.Maui.Controls.NameScopeExtensions,,,,,"tile9 = global::Microsoft.Maui.Controls.NameScopeExtensions.FindByName<global::Microsoft.Maui.Controls.Image>(this, ""tile9"");"
Api.0002,Source incompatible for selected .NET version,Active,Potential,1,Concentration\Concentration.csproj,File,Concentration\obj\Release\net10.0-windows10.0.26100.0\win-x64\Microsoft.Maui.Controls.SourceGen\Microsoft.Maui.Controls.SourceGen.XamlGenerator\Views_NewGame.xaml.sg.cs,122,3,T:Microsoft.Maui.Controls.Image,,,,,"tile9 = global::Microsoft.Maui.Controls.NameScopeExtensions.FindByName<global::Microsoft.Maui.Controls.Image>(this, ""tile9"");"
Api.0002,Source incompatible for selected .NET version,Active,Potential,1,Concentration\Concentration.csproj,File,Concentration\obj\Release\net10.0-windows10.0.26100.0\win-x64\Microsoft.Maui.Controls.SourceGen\Microsoft.Maui.Controls.SourceGen.XamlGenerator\Views_NewGame.xaml.sg.cs,122,3,"M:Microsoft.Maui.Controls.NameScopeExtensions.FindByName``1(Microsoft.Maui.Controls.Element,System.String)",,,,,"tile9 = global::Microsoft.Maui.Controls.NameScopeExtensions.FindByName<global::Microsoft.Maui.Controls.Image>(this, ""tile9"");"
Api.0002,Source incompatible for selected .NET version,Active,Potential,1,Concentration\Concentration.csproj,File,Concentration\obj\Release\net10.0-windows10.0.26100.0\win-x64\Microsoft.Maui.Controls.SourceGen\Microsoft.Maui.Controls.SourceGen.XamlGenerator\Views_NewGame.xaml.sg.cs,122,3,T:Microsoft.Maui.Controls.Image,,,,,"tile9 = global::Microsoft.Maui.Controls.NameScopeExtensions.FindByName<global::Microsoft.Maui.Controls.Image>(this, ""tile9"");"
Api.0002,Source incompatible for selected .NET version,Active,Potential,1,Concentration\Concentration.csproj,File,Concentration\obj\Release\net10.0-windows10.0.26100.0\win-x64\Microsoft.Maui.Controls.SourceGen\Microsoft.Maui.Controls.SourceGen.XamlGenerator\Views_NewGame.xaml.sg.cs,121,3,T:Microsoft.Maui.Controls.NameScopeExtensions,,,,,"tile8 = global::Microsoft.Maui.Controls.NameScopeExtensions.FindByName<global::Microsoft.Maui.Controls.Image>(this, ""tile8"");"
Api.0002,Source incompatible for selected .NET version,Active,Potential,1,Concentration\Concentration.csproj,File,Concentration\obj\Release\net10.0-windows10.0.26100.0\win-x64\Microsoft.Maui.Controls.SourceGen\Microsoft.Maui.Controls.SourceGen.XamlGenerator\Views_NewGame.xaml.sg.cs,121,3,T:Microsoft.Maui.Controls.Image,,,,,"tile8 = global::Microsoft.Maui.Controls.NameScopeExtensions.FindByName<global::Microsoft.Maui.Controls.Image>(this, ""tile8"");"
Api.0002,Source incompatible for selected .NET version,Active,Potential,1,Concentration\Concentration.csproj,File,Concentration\obj\Release\net10.0-windows10.0.26100.0\win-x64\Microsoft.Maui.Controls.SourceGen\Microsoft.Maui.Controls.SourceGen.XamlGenerator\Views_NewGame.xaml.sg.cs,121,3,"M:Microsoft.Maui.Controls.NameScopeExtensions.FindByName``1(Microsoft.Maui.Controls.Element,System.String)",,,,,"tile8 = global::Microsoft.Maui.Controls.NameScopeExtensions.FindByName<global::Microsoft.Maui.Controls.Image>(this, ""tile8"");"
Api.0002,Source incompatible for selected .NET version,Active,Potential,1,Concentration\Concentration.csproj,File,Concentration\obj\Release\net10.0-windows10.0.26100.0\win-x64\Microsoft.Maui.Controls.SourceGen\Microsoft.Maui.Controls.SourceGen.XamlGenerator\Views_NewGame.xaml.sg.cs,121,3,T:Microsoft.Maui.Controls.Image,,,,,"tile8 = global::Microsoft.Maui.Controls.NameScopeExtensions.FindByName<global::Microsoft.Maui.Controls.Image>(this, ""tile8"");"
Api.0002,Source incompatible for selected .NET version,Active,Potential,1,Concentration\Concentration.csproj,File,Concentration\obj\Release\net10.0-windows10.0.26100.0\win-x64\Microsoft.Maui.Controls.SourceGen\Microsoft.Maui.Controls.SourceGen.XamlGenerator\Views_NewGame.xaml.sg.cs,120,3,T:Microsoft.Maui.Controls.NameScopeExtensions,,,,,"tile7 = global::Microsoft.Maui.Controls.NameScopeExtensions.FindByName<global::Microsoft.Maui.Controls.Image>(this, ""tile7"");"
Api.0002,Source incompatible for selected .NET version,Active,Potential,1,Concentration\Concentration.csproj,File,Concentration\obj\Release\net10.0-windows10.0.26100.0\win-x64\Microsoft.Maui.Controls.SourceGen\Microsoft.Maui.Controls.SourceGen.XamlGenerator\Views_NewGame.xaml.sg.cs,120,3,T:Microsoft.Maui.Controls.Image,,,,,"tile7 = global::Microsoft.Maui.Controls.NameScopeExtensions.FindByName<global::Microsoft.Maui.Controls.Image>(this, ""tile7"");"
Api.0002,Source incompatible for selected .NET version,Active,Potential,1,Concentration\Concentration.csproj,File,Concentration\obj\Release\net10.0-windows10.0.26100.0\win-x64\Microsoft.Maui.Controls.SourceGen\Microsoft.Maui.Controls.SourceGen.XamlGenerator\Views_NewGame.xaml.sg.cs,120,3,"M:Microsoft.Maui.Controls.NameScopeExtensions.FindByName``1(Microsoft.Maui.Controls.Element,System.String)",,,,,"tile7 = global::Microsoft.Maui.Controls.NameScopeExtensions.FindByName<global::Microsoft.Maui.Controls.Image>(this, ""tile7"");"
Api.0002,Source incompatible for selected .NET version,Active,Potential,1,Concentration\Concentration.csproj,File,Concentration\obj\Release\net10.0-windows10.0.26100.0\win-x64\Microsoft.Maui.Controls.SourceGen\Microsoft.Maui.Controls.SourceGen.XamlGenerator\Views_NewGame.xaml.sg.cs,120,3,T:Microsoft.Maui.Controls.Image,,,,,"tile7 = global::Microsoft.Maui.Controls.NameScopeExtensions.FindByName<global::Microsoft.Maui.Controls.Image>(this, ""tile7"");"
Api.0002,Source incompatible for selected .NET version,Active,Potential,1,Concentration\Concentration.csproj,File,Concentration\obj\Release\net10.0-windows10.0.26100.0\win-x64\Microsoft.Maui.Controls.SourceGen\Microsoft.Maui.Controls.SourceGen.XamlGenerator\Views_NewGame.xaml.sg.cs,119,3,T:Microsoft.Maui.Controls.NameScopeExtensions,,,,,"tile6 = global::Microsoft.Maui.Controls.NameScopeExtensions.FindByName<global::Microsoft.Maui.Controls.Image>(this, ""tile6"");"
Api.0002,Source incompatible for selected .NET version,Active,Potential,1,Concentration\Concentration.csproj,File,Concentration\obj\Release\net10.0-windows10.0.26100.0\win-x64\Microsoft.Maui.Controls.SourceGen\Microsoft.Maui.Controls.SourceGen.XamlGenerator\Views_NewGame.xaml.sg.cs,119,3,T:Microsoft.Maui.Controls.Image,,,,,"tile6 = global::Microsoft.Maui.Controls.NameScopeExtensions.FindByName<global::Microsoft.Maui.Controls.Image>(this, ""tile6"");"
Api.0002,Source incompatible for selected .NET version,Active,Potential,1,Concentration\Concentration.csproj,File,Concentration\obj\Release\net10.0-windows10.0.26100.0\win-x64\Microsoft.Maui.Controls.SourceGen\Microsoft.Maui.Controls.SourceGen.XamlGenerator\Views_NewGame.xaml.sg.cs,119,3,"M:Microsoft.Maui.Controls.NameScopeExtensions.FindByName``1(Microsoft.Maui.Controls.Element,System.String)",,,,,"tile6 = global::Microsoft.Maui.Controls.NameScopeExtensions.FindByName<global::Microsoft.Maui.Controls.Image>(this, ""tile6"");"
Api.0002,Source incompatible for selected .NET version,Active,Potential,1,Concentration\Concentration.csproj,File,Concentration\obj\Release\net10.0-windows10.0.26100.0\win-x64\Microsoft.Maui.Controls.SourceGen\Microsoft.Maui.Controls.SourceGen.XamlGenerator\Views_NewGame.xaml.sg.cs,119,3,T:Microsoft.Maui.Controls.Image,,,,,"tile6 = global::Microsoft.Maui.Controls.NameScopeExtensions.FindByName<global::Microsoft.Maui.Controls.Image>(this, ""tile6"");"
Api.0002,Source incompatible for selected .NET version,Active,Potential,1,Concentration\Concentration.csproj,File,Concentration\obj\Release\net10.0-windows10.0.26100.0\win-x64\Microsoft.Maui.Controls.SourceGen\Microsoft.Maui.Controls.SourceGen.XamlGenerator\Views_NewGame.xaml.sg.cs,118,3,T:Microsoft.Maui.Controls.NameScopeExtensions,,,,,"tile5 = global::Microsoft.Maui.Controls.NameScopeExtensions.FindByName<global::Microsoft.Maui.Controls.Image>(this, ""tile5"");"
Api.0002,Source incompatible for selected .NET version,Active,Potential,1,Concentration\Concentration.csproj,File,Concentration\obj\Release\net10.0-windows10.0.26100.0\win-x64\Microsoft.Maui.Controls.SourceGen\Microsoft.Maui.Controls.SourceGen.XamlGenerator\Views_NewGame.xaml.sg.cs,118,3,T:Microsoft.Maui.Controls.Image,,,,,"tile5 = global::Microsoft.Maui.Controls.NameScopeExtensions.FindByName<global::Microsoft.Maui.Controls.Image>(this, ""tile5"");"
Api.0002,Source incompatible for selected .NET version,Active,Potential,1,Concentration\Concentration.csproj,File,Concentration\obj\Release\net10.0-windows10.0.26100.0\win-x64\Microsoft.Maui.Controls.SourceGen\Microsoft.Maui.Controls.SourceGen.XamlGenerator\Views_NewGame.xaml.sg.cs,118,3,"M:Microsoft.Maui.Controls.NameScopeExtensions.FindByName``1(Microsoft.Maui.Controls.Element,System.String)",,,,,"tile5 = global::Microsoft.Maui.Controls.NameScopeExtensions.FindByName<global::Microsoft.Maui.Controls.Image>(this, ""tile5"");"
Api.0002,Source incompatible for selected .NET version,Active,Potential,1,Concentration\Concentration.csproj,File,Concentration\obj\Release\net10.0-windows10.0.26100.0\win-x64\Microsoft.Maui.Controls.SourceGen\Microsoft.Maui.Controls.SourceGen.XamlGenerator\Views_NewGame.xaml.sg.cs,118,3,T:Microsoft.Maui.Controls.Image,,,,,"tile5 = global::Microsoft.Maui.Controls.NameScopeExtensions.FindByName<global::Microsoft.Maui.Controls.Image>(this, ""tile5"");"
Api.0002,Source incompatible for selected .NET version,Active,Potential,1,Concentration\Concentration.csproj,File,Concentration\obj\Release\net10.0-windows10.0.26100.0\win-x64\Microsoft.Maui.Controls.SourceGen\Microsoft.Maui.Controls.SourceGen.XamlGenerator\Views_NewGame.xaml.sg.cs,117,3,T:Microsoft.Maui.Controls.NameScopeExtensions,,,,,"tile4 = global::Microsoft.Maui.Controls.NameScopeExtensions.FindByName<global::Microsoft.Maui.Controls.Image>(this, ""tile4"");"
Api.0002,Source incompatible for selected .NET version,Active,Potential,1,Concentration\Concentration.csproj,File,Concentration\obj\Release\net10.0-windows10.0.26100.0\win-x64\Microsoft.Maui.Controls.SourceGen\Microsoft.Maui.Controls.SourceGen.XamlGenerator\Views_NewGame.xaml.sg.cs,117,3,T:Microsoft.Maui.Controls.Image,,,,,"tile4 = global::Microsoft.Maui.Controls.NameScopeExtensions.FindByName<global::Microsoft.Maui.Controls.Image>(this, ""tile4"");"
Api.0002,Source incompatible for selected .NET version,Active,Potential,1,Concentration\Concentration.csproj,File,Concentration\obj\Release\net10.0-windows10.0.26100.0\win-x64\Microsoft.Maui.Controls.SourceGen\Microsoft.Maui.Controls.SourceGen.XamlGenerator\Views_NewGame.xaml.sg.cs,117,3,"M:Microsoft.Maui.Controls.NameScopeExtensions.FindByName``1(Microsoft.Maui.Controls.Element,System.String)",,,,,"tile4 = global::Microsoft.Maui.Controls.NameScopeExtensions.FindByName<global::Microsoft.Maui.Controls.Image>(this, ""tile4"");"
Api.0002,Source incompatible for selected .NET version,Active,Potential,1,Concentration\Concentration.csproj,File,Concentration\obj\Release\net10.0-windows10.0.26100.0\win-x64\Microsoft.Maui.Controls.SourceGen\Microsoft.Maui.Controls.SourceGen.XamlGenerator\Views_NewGame.xaml.sg.cs,117,3,T:Microsoft.Maui.Controls.Image,,,,,"tile4 = global::Microsoft.Maui.Controls.NameScopeExtensions.FindByName<global::Microsoft.Maui.Controls.Image>(this, ""tile4"");"
Api.0002,Source incompatible for selected .NET version,Active,Potential,1,Concentration\Concentration.csproj,File,Concentration\obj\Release\net10.0-windows10.0.26100.0\win-x64\Microsoft.Maui.Controls.SourceGen\Microsoft.Maui.Controls.SourceGen.XamlGenerator\Views_NewGame.xaml.sg.cs,116,3,T:Microsoft.Maui.Controls.NameScopeExtensions,,,,,"tile3 = global::Microsoft.Maui.Controls.NameScopeExtensions.FindByName<global::Microsoft.Maui.Controls.Image>(this, ""tile3"");"
Api.0002,Source incompatible for selected .NET version,Active,Potential,1,Concentration\Concentration.csproj,File,Concentration\obj\Release\net10.0-windows10.0.26100.0\win-x64\Microsoft.Maui.Controls.SourceGen\Microsoft.Maui.Controls.SourceGen.XamlGenerator\Views_NewGame.xaml.sg.cs,116,3,T:Microsoft.Maui.Controls.Image,,,,,"tile3 = global::Microsoft.Maui.Controls.NameScopeExtensions.FindByName<global::Microsoft.Maui.Controls.Image>(this, ""tile3"");"
Api.0002,Source incompatible for selected .NET version,Active,Potential,1,Concentration\Concentration.csproj,File,Concentration\obj\Release\net10.0-windows10.0.26100.0\win-x64\Microsoft.Maui.Controls.SourceGen\Microsoft.Maui.Controls.SourceGen.XamlGenerator\Views_NewGame.xaml.sg.cs,116,3,"M:Microsoft.Maui.Controls.NameScopeExtensions.FindByName``1(Microsoft.Maui.Controls.Element,System.String)",,,,,"tile3 = global::Microsoft.Maui.Controls.NameScopeExtensions.FindByName<global::Microsoft.Maui.Controls.Image>(this, ""tile3"");"
Api.0002,Source incompatible for selected .NET version,Active,Potential,1,Concentration\Concentration.csproj,File,Concentration\obj\Release\net10.0-windows10.0.26100.0\win-x64\Microsoft.Maui.Controls.SourceGen\Microsoft.Maui.Controls.SourceGen.XamlGenerator\Views_NewGame.xaml.sg.cs,116,3,T:Microsoft.Maui.Controls.Image,,,,,"tile3 = global::Microsoft.Maui.Controls.NameScopeExtensions.FindByName<global::Microsoft.Maui.Controls.Image>(this, ""tile3"");"
Api.0002,Source incompatible for selected .NET version,Active,Potential,1,Concentration\Concentration.csproj,File,Concentration\obj\Release\net10.0-windows10.0.26100.0\win-x64\Microsoft.Maui.Controls.SourceGen\Microsoft.Maui.Controls.SourceGen.XamlGenerator\Views_NewGame.xaml.sg.cs,115,3,T:Microsoft.Maui.Controls.NameScopeExtensions,,,,,"tile2 = global::Microsoft.Maui.Controls.NameScopeExtensions.FindByName<global::Microsoft.Maui.Controls.Image>(this, ""tile2"");"
Api.0002,Source incompatible for selected .NET version,Active,Potential,1,Concentration\Concentration.csproj,File,Concentration\obj\Release\net10.0-windows10.0.26100.0\win-x64\Microsoft.Maui.Controls.SourceGen\Microsoft.Maui.Controls.SourceGen.XamlGenerator\Views_NewGame.xaml.sg.cs,115,3,T:Microsoft.Maui.Controls.Image,,,,,"tile2 = global::Microsoft.Maui.Controls.NameScopeExtensions.FindByName<global::Microsoft.Maui.Controls.Image>(this, ""tile2"");"
Api.0002,Source incompatible for selected .NET version,Active,Potential,1,Concentration\Concentration.csproj,File,Concentration\obj\Release\net10.0-windows10.0.26100.0\win-x64\Microsoft.Maui.Controls.SourceGen\Microsoft.Maui.Controls.SourceGen.XamlGenerator\Views_NewGame.xaml.sg.cs,115,3,"M:Microsoft.Maui.Controls.NameScopeExtensions.FindByName``1(Microsoft.Maui.Controls.Element,System.String)",,,,,"tile2 = global::Microsoft.Maui.Controls.NameScopeExtensions.FindByName<global::Microsoft.Maui.Controls.Image>(this, ""tile2"");"
Api.0002,Source incompatible for selected .NET version,Active,Potential,1,Concentration\Concentration.csproj,File,Concentration\obj\Release\net10.0-windows10.0.26100.0\win-x64\Microsoft.Maui.Controls.SourceGen\Microsoft.Maui.Controls.SourceGen.XamlGenerator\Views_NewGame.xaml.sg.cs,115,3,T:Microsoft.Maui.Controls.Image,,,,,"tile2 = global::Microsoft.Maui.Controls.NameScopeExtensions.FindByName<global::Microsoft.Maui.Controls.Image>(this, ""tile2"");"
Api.0002,Source incompatible for selected .NET version,Active,Potential,1,Concentration\Concentration.csproj,File,Concentration\obj\Release\net10.0-windows10.0.26100.0\win-x64\Microsoft.Maui.Controls.SourceGen\Microsoft.Maui.Controls.SourceGen.XamlGenerator\Views_NewGame.xaml.sg.cs,114,3,T:Microsoft.Maui.Controls.NameScopeExtensions,,,,,"tile1 = global::Microsoft.Maui.Controls.NameScopeExtensions.FindByName<global::Microsoft.Maui.Controls.Image>(this, ""tile1"");"
Api.0002,Source incompatible for selected .NET version,Active,Potential,1,Concentration\Concentration.csproj,File,Concentration\obj\Release\net10.0-windows10.0.26100.0\win-x64\Microsoft.Maui.Controls.SourceGen\Microsoft.Maui.Controls.SourceGen.XamlGenerator\Views_NewGame.xaml.sg.cs,114,3,T:Microsoft.Maui.Controls.Image,,,,,"tile1 = global::Microsoft.Maui.Controls.NameScopeExtensions.FindByName<global::Microsoft.Maui.Controls.Image>(this, ""tile1"");"
Api.0002,Source incompatible for selected .NET version,Active,Potential,1,Concentration\Concentration.csproj,File,Concentration\obj\Release\net10.0-windows10.0.26100.0\win-x64\Microsoft.Maui.Controls.SourceGen\Microsoft.Maui.Controls.SourceGen.XamlGenerator\Views_NewGame.xaml.sg.cs,114,3,"M:Microsoft.Maui.Controls.NameScopeExtensions.FindByName``1(Microsoft.Maui.Controls.Element,System.String)",,,,,"tile1 = global::Microsoft.Maui.Controls.NameScopeExtensions.FindByName<global::Microsoft.Maui.Controls.Image>(this, ""tile1"");"
Api.0002,Source incompatible for selected .NET version,Active,Potential,1,Concentration\Concentration.csproj,File,Concentration\obj\Release\net10.0-windows10.0.26100.0\win-x64\Microsoft.Maui.Controls.SourceGen\Microsoft.Maui.Controls.SourceGen.XamlGenerator\Views_NewGame.xaml.sg.cs,114,3,T:Microsoft.Maui.Controls.Image,,,,,"tile1 = global::Microsoft.Maui.Controls.NameScopeExtensions.FindByName<global::Microsoft.Maui.Controls.Image>(this, ""tile1"");"
Api.0002,Source incompatible for selected .NET version,Active,Potential,1,Concentration\Concentration.csproj,File,Concentration\obj\Release\net10.0-windows10.0.26100.0\win-x64\Microsoft.Maui.Controls.SourceGen\Microsoft.Maui.Controls.SourceGen.XamlGenerator\Views_NewGame.xaml.sg.cs,113,3,T:Microsoft.Maui.Controls.NameScopeExtensions,,,,,"tile0 = global::Microsoft.Maui.Controls.NameScopeExtensions.FindByName<global::Microsoft.Maui.Controls.Image>(this, ""tile0"");"
Api.0002,Source incompatible for selected .NET version,Active,Potential,1,Concentration\Concentration.csproj,File,Concentration\obj\Release\net10.0-windows10.0.26100.0\win-x64\Microsoft.Maui.Controls.SourceGen\Microsoft.Maui.Controls.SourceGen.XamlGenerator\Views_NewGame.xaml.sg.cs,113,3,T:Microsoft.Maui.Controls.Image,,,,,"tile0 = global::Microsoft.Maui.Controls.NameScopeExtensions.FindByName<global::Microsoft.Maui.Controls.Image>(this, ""tile0"");"
Api.0002,Source incompatible for selected .NET version,Active,Potential,1,Concentration\Concentration.csproj,File,Concentration\obj\Release\net10.0-windows10.0.26100.0\win-x64\Microsoft.Maui.Controls.SourceGen\Microsoft.Maui.Controls.SourceGen.XamlGenerator\Views_NewGame.xaml.sg.cs,113,3,"M:Microsoft.Maui.Controls.NameScopeExtensions.FindByName``1(Microsoft.Maui.Controls.Element,System.String)",,,,,"tile0 = global::Microsoft.Maui.Controls.NameScopeExtensions.FindByName<global::Microsoft.Maui.Controls.Image>(this, ""tile0"");"
Api.0002,Source incompatible for selected .NET version,Active,Potential,1,Concentration\Concentration.csproj,File,Concentration\obj\Release\net10.0-windows10.0.26100.0\win-x64\Microsoft.Maui.Controls.SourceGen\Microsoft.Maui.Controls.SourceGen.XamlGenerator\Views_NewGame.xaml.sg.cs,113,3,T:Microsoft.Maui.Controls.Image,,,,,"tile0 = global::Microsoft.Maui.Controls.NameScopeExtensions.FindByName<global::Microsoft.Maui.Controls.Image>(this, ""tile0"");"
Api.0002,Source incompatible for selected .NET version,Active,Potential,1,Concentration\Concentration.csproj,File,Concentration\obj\Release\net10.0-windows10.0.26100.0\win-x64\Microsoft.Maui.Controls.SourceGen\Microsoft.Maui.Controls.SourceGen.XamlGenerator\Views_NewGame.xaml.sg.cs,112,3,T:Microsoft.Maui.Controls.NameScopeExtensions,,,,,"viewModel = global::Microsoft.Maui.Controls.NameScopeExtensions.FindByName<global::Concentration.ViewModels.GameViewModel>(this, ""viewModel"");"
Api.0002,Source incompatible for selected .NET version,Active,Potential,1,Concentration\Concentration.csproj,File,Concentration\obj\Release\net10.0-windows10.0.26100.0\win-x64\Microsoft.Maui.Controls.SourceGen\Microsoft.Maui.Controls.SourceGen.XamlGenerator\Views_NewGame.xaml.sg.cs,112,3,"M:Microsoft.Maui.Controls.NameScopeExtensions.FindByName``1(Microsoft.Maui.Controls.Element,System.String)",,,,,"viewModel = global::Microsoft.Maui.Controls.NameScopeExtensions.FindByName<global::Concentration.ViewModels.GameViewModel>(this, ""viewModel"");"
Api.0002,Source incompatible for selected .NET version,Active,Potential,1,Concentration\Concentration.csproj,File,Concentration\obj\Release\net10.0-windows10.0.26100.0\win-x64\Microsoft.Maui.Controls.SourceGen\Microsoft.Maui.Controls.SourceGen.XamlGenerator\Views_NewGame.xaml.sg.cs,111,3,T:Microsoft.Maui.Controls.Xaml.Extensions,,,,,"global::Microsoft.Maui.Controls.Xaml.Extensions.LoadFromXaml(this, typeof(NewGame));"
Api.0002,Source incompatible for selected .NET version,Active,Potential,1,Concentration\Concentration.csproj,File,Concentration\obj\Release\net10.0-windows10.0.26100.0\win-x64\Microsoft.Maui.Controls.SourceGen\Microsoft.Maui.Controls.SourceGen.XamlGenerator\Views_NewGame.xaml.sg.cs,64,48,T:Microsoft.Maui.Controls.Image,,,,,tile15
Api.0002,Source incompatible for selected .NET version,Active,Potential,1,Concentration\Concentration.csproj,File,Concentration\obj\Release\net10.0-windows10.0.26100.0\win-x64\Microsoft.Maui.Controls.SourceGen\Microsoft.Maui.Controls.SourceGen.XamlGenerator\Views_NewGame.xaml.sg.cs,61,48,T:Microsoft.Maui.Controls.Image,,,,,tile14
Api.0002,Source incompatible for selected .NET version,Active,Potential,1,Concentration\Concentration.csproj,File,Concentration\obj\Release\net10.0-windows10.0.26100.0\win-x64\Microsoft.Maui.Controls.SourceGen\Microsoft.Maui.Controls.SourceGen.XamlGenerator\Views_NewGame.xaml.sg.cs,58,48,T:Microsoft.Maui.Controls.Image,,,,,tile13
Api.0002,Source incompatible for selected .NET version,Active,Potential,1,Concentration\Concentration.csproj,File,Concentration\obj\Release\net10.0-windows10.0.26100.0\win-x64\Microsoft.Maui.Controls.SourceGen\Microsoft.Maui.Controls.SourceGen.XamlGenerator\Views_NewGame.xaml.sg.cs,55,48,T:Microsoft.Maui.Controls.Image,,,,,tile12
Api.0002,Source incompatible for selected .NET version,Active,Potential,1,Concentration\Concentration.csproj,File,Concentration\obj\Release\net10.0-windows10.0.26100.0\win-x64\Microsoft.Maui.Controls.SourceGen\Microsoft.Maui.Controls.SourceGen.XamlGenerator\Views_NewGame.xaml.sg.cs,52,48,T:Microsoft.Maui.Controls.Image,,,,,tile11
Api.0002,Source incompatible for selected .NET version,Active,Potential,1,Concentration\Concentration.csproj,File,Concentration\obj\Release\net10.0-windows10.0.26100.0\win-x64\Microsoft.Maui.Controls.SourceGen\Microsoft.Maui.Controls.SourceGen.XamlGenerator\Views_NewGame.xaml.sg.cs,49,48,T:Microsoft.Maui.Controls.Image,,,,,tile10
Api.0002,Source incompatible for selected .NET version,Active,Potential,1,Concentration\Concentration.csproj,File,Concentration\obj\Release\net10.0-windows10.0.26100.0\win-x64\Microsoft.Maui.Controls.SourceGen\Microsoft.Maui.Controls.SourceGen.XamlGenerator\Views_NewGame.xaml.sg.cs,46,48,T:Microsoft.Maui.Controls.Image,,,,,tile9
Api.0002,Source incompatible for selected .NET version,Active,Potential,1,Concentration\Concentration.csproj,File,Concentration\obj\Release\net10.0-windows10.0.26100.0\win-x64\Microsoft.Maui.Controls.SourceGen\Microsoft.Maui.Controls.SourceGen.XamlGenerator\Views_NewGame.xaml.sg.cs,43,48,T:Microsoft.Maui.Controls.Image,,,,,tile8
Api.0002,Source incompatible for selected .NET version,Active,Potential,1,Concentration\Concentration.csproj,File,Concentration\obj\Release\net10.0-windows10.0.26100.0\win-x64\Microsoft.Maui.Controls.SourceGen\Microsoft.Maui.Controls.SourceGen.XamlGenerator\Views_NewGame.xaml.sg.cs,40,48,T:Microsoft.Maui.Controls.Image,,,,,tile7
Api.0002,Source incompatible for selected .NET version,Active,Potential,1,Concentration\Concentration.csproj,File,Concentration\obj\Release\net10.0-windows10.0.26100.0\win-x64\Microsoft.Maui.Controls.SourceGen\Microsoft.Maui.Controls.SourceGen.XamlGenerator\Views_NewGame.xaml.sg.cs,37,48,T:Microsoft.Maui.Controls.Image,,,,,tile6
Api.0002,Source incompatible for selected .NET version,Active,Potential,1,Concentration\Concentration.csproj,File,Concentration\obj\Release\net10.0-windows10.0.26100.0\win-x64\Microsoft.Maui.Controls.SourceGen\Microsoft.Maui.Controls.SourceGen.XamlGenerator\Views_NewGame.xaml.sg.cs,34,48,T:Microsoft.Maui.Controls.Image,,,,,tile5
Api.0002,Source incompatible for selected .NET version,Active,Potential,1,Concentration\Concentration.csproj,File,Concentration\obj\Release\net10.0-windows10.0.26100.0\win-x64\Microsoft.Maui.Controls.SourceGen\Microsoft.Maui.Controls.SourceGen.XamlGenerator\Views_NewGame.xaml.sg.cs,31,48,T:Microsoft.Maui.Controls.Image,,,,,tile4
Api.0002,Source incompatible for selected .NET version,Active,Potential,1,Concentration\Concentration.csproj,File,Concentration\obj\Release\net10.0-windows10.0.26100.0\win-x64\Microsoft.Maui.Controls.SourceGen\Microsoft.Maui.Controls.SourceGen.XamlGenerator\Views_NewGame.xaml.sg.cs,28,48,T:Microsoft.Maui.Controls.Image,,,,,tile3
Api.0002,Source incompatible for selected .NET version,Active,Potential,1,Concentration\Concentration.csproj,File,Concentration\obj\Release\net10.0-windows10.0.26100.0\win-x64\Microsoft.Maui.Controls.SourceGen\Microsoft.Maui.Controls.SourceGen.XamlGenerator\Views_NewGame.xaml.sg.cs,25,48,T:Microsoft.Maui.Controls.Image,,,,,tile2
Api.0002,Source incompatible for selected .NET version,Active,Potential,1,Concentration\Concentration.csproj,File,Concentration\obj\Release\net10.0-windows10.0.26100.0\win-x64\Microsoft.Maui.Controls.SourceGen\Microsoft.Maui.Controls.SourceGen.XamlGenerator\Views_NewGame.xaml.sg.cs,22,48,T:Microsoft.Maui.Controls.Image,,,,,tile1
Api.0002,Source incompatible for selected .NET version,Active,Potential,1,Concentration\Concentration.csproj,File,Concentration\obj\Release\net10.0-windows10.0.26100.0\win-x64\Microsoft.Maui.Controls.SourceGen\Microsoft.Maui.Controls.SourceGen.XamlGenerator\Views_NewGame.xaml.sg.cs,19,48,T:Microsoft.Maui.Controls.Image,,,,,tile0
Api.0002,Source incompatible for selected .NET version,Active,Potential,1,Concentration\Concentration.csproj,File,Concentration\Views\NewGame.xaml.cs,108,8,T:Microsoft.Maui.Controls.Image,,,,,"tile11.Source = tile12.Source = tile13.Source = tile14.Source = tile15.Source = ""back.png"";"
Api.0002,Source incompatible for selected .NET version,Active,Potential,1,Concentration\Concentration.csproj,File,Concentration\Views\NewGame.xaml.cs,108,8,T:Microsoft.Maui.Controls.ImageSource,,,,,"tile11.Source = tile12.Source = tile13.Source = tile14.Source = tile15.Source = ""back.png"";"
Api.0002,Source incompatible for selected .NET version,Active,Potential,1,Concentration\Concentration.csproj,File,Concentration\Views\NewGame.xaml.cs,108,8,P:Microsoft.Maui.Controls.Image.Source,,,,,"tile11.Source = tile12.Source = tile13.Source = tile14.Source = tile15.Source = ""back.png"";"
Api.0002,Source incompatible for selected .NET version,Active,Potential,1,Concentration\Concentration.csproj,File,Concentration\Views\NewGame.xaml.cs,108,8,T:Microsoft.Maui.Controls.Image,,,,,"tile11.Source = tile12.Source = tile13.Source = tile14.Source = tile15.Source = ""back.png"";"
Api.0002,Source incompatible for selected .NET version,Active,Potential,1,Concentration\Concentration.csproj,File,Concentration\Views\NewGame.xaml.cs,108,8,T:Microsoft.Maui.Controls.ImageSource,,,,,"tile11.Source = tile12.Source = tile13.Source = tile14.Source = tile15.Source = ""back.png"";"
Api.0002,Source incompatible for selected .NET version,Active,Potential,1,Concentration\Concentration.csproj,File,Concentration\Views\NewGame.xaml.cs,108,8,P:Microsoft.Maui.Controls.Image.Source,,,,,"tile11.Source = tile12.Source = tile13.Source = tile14.Source = tile15.Source = ""back.png"";"
Api.0002,Source incompatible for selected .NET version,Active,Potential,1,Concentration\Concentration.csproj,File,Concentration\Views\NewGame.xaml.cs,108,8,T:Microsoft.Maui.Controls.Image,,,,,"tile11.Source = tile12.Source = tile13.Source = tile14.Source = tile15.Source = ""back.png"";"
Api.0002,Source incompatible for selected .NET version,Active,Potential,1,Concentration\Concentration.csproj,File,Concentration\Views\NewGame.xaml.cs,108,8,T:Microsoft.Maui.Controls.ImageSource,,,,,"tile11.Source = tile12.Source = tile13.Source = tile14.Source = tile15.Source = ""back.png"";"
Api.0002,Source incompatible for selected .NET version,Active,Potential,1,Concentration\Concentration.csproj,File,Concentration\Views\NewGame.xaml.cs,108,8,P:Microsoft.Maui.Controls.Image.Source,,,,,"tile11.Source = tile12.Source = tile13.Source = tile14.Source = tile15.Source = ""back.png"";"
Api.0002,Source incompatible for selected .NET version,Active,Potential,1,Concentration\Concentration.csproj,File,Concentration\Views\NewGame.xaml.cs,108,8,T:Microsoft.Maui.Controls.Image,,,,,"tile11.Source = tile12.Source = tile13.Source = tile14.Source = tile15.Source = ""back.png"";"
Api.0002,Source incompatible for selected .NET version,Active,Potential,1,Concentration\Concentration.csproj,File,Concentration\Views\NewGame.xaml.cs,108,8,T:Microsoft.Maui.Controls.ImageSource,,,,,"tile11.Source = tile12.Source = tile13.Source = tile14.Source = tile15.Source = ""back.png"";"
Api.0002,Source incompatible for selected .NET version,Active,Potential,1,Concentration\Concentration.csproj,File,Concentration\Views\NewGame.xaml.cs,108,8,P:Microsoft.Maui.Controls.Image.Source,,,,,"tile11.Source = tile12.Source = tile13.Source = tile14.Source = tile15.Source = ""back.png"";"
Api.0002,Source incompatible for selected .NET version,Active,Potential,1,Concentration\Concentration.csproj,File,Concentration\Views\NewGame.xaml.cs,108,8,T:Microsoft.Maui.Controls.Image,,,,,"tile11.Source = tile12.Source = tile13.Source = tile14.Source = tile15.Source = ""back.png"";"
Api.0002,Source incompatible for selected .NET version,Active,Potential,1,Concentration\Concentration.csproj,File,Concentration\Views\NewGame.xaml.cs,108,8,T:Microsoft.Maui.Controls.ImageSource,,,,,"tile11.Source = tile12.Source = tile13.Source = tile14.Source = tile15.Source = ""back.png"";"
Api.0002,Source incompatible for selected .NET version,Active,Potential,1,Concentration\Concentration.csproj,File,Concentration\Views\NewGame.xaml.cs,108,8,P:Microsoft.Maui.Controls.Image.Source,,,,,"tile11.Source = tile12.Source = tile13.Source = tile14.Source = tile15.Source = ""back.png"";"
Api.0002,Source incompatible for selected .NET version,Active,Potential,1,Concentration\Concentration.csproj,File,Concentration\Views\NewGame.xaml.cs,107,8,T:Microsoft.Maui.Controls.Image,,,,,"tile6.Source = tile7.Source = tile8.Source = tile9.Source = tile10.Source = ""back.png"";"
Api.0002,Source incompatible for selected .NET version,Active,Potential,1,Concentration\Concentration.csproj,File,Concentration\Views\NewGame.xaml.cs,107,8,T:Microsoft.Maui.Controls.ImageSource,,,,,"tile6.Source = tile7.Source = tile8.Source = tile9.Source = tile10.Source = ""back.png"";"
Api.0002,Source incompatible for selected .NET version,Active,Potential,1,Concentration\Concentration.csproj,File,Concentration\Views\NewGame.xaml.cs,107,8,P:Microsoft.Maui.Controls.Image.Source,,,,,"tile6.Source = tile7.Source = tile8.Source = tile9.Source = tile10.Source = ""back.png"";"
Api.0002,Source incompatible for selected .NET version,Active,Potential,1,Concentration\Concentration.csproj,File,Concentration\Views\NewGame.xaml.cs,107,8,T:Microsoft.Maui.Controls.Image,,,,,"tile6.Source = tile7.Source = tile8.Source = tile9.Source = tile10.Source = ""back.png"";"
Api.0002,Source incompatible for selected .NET version,Active,Potential,1,Concentration\Concentration.csproj,File,Concentration\Views\NewGame.xaml.cs,107,8,T:Microsoft.Maui.Controls.ImageSource,,,,,"tile6.Source = tile7.Source = tile8.Source = tile9.Source = tile10.Source = ""back.png"";"
Api.0002,Source incompatible for selected .NET version,Active,Potential,1,Concentration\Concentration.csproj,File,Concentration\Views\NewGame.xaml.cs,107,8,P:Microsoft.Maui.Controls.Image.Source,,,,,"tile6.Source = tile7.Source = tile8.Source = tile9.Source = tile10.Source = ""back.png"";"
Api.0002,Source incompatible for selected .NET version,Active,Potential,1,Concentration\Concentration.csproj,File,Concentration\Views\NewGame.xaml.cs,107,8,T:Microsoft.Maui.Controls.Image,,,,,"tile6.Source = tile7.Source = tile8.Source = tile9.Source = tile10.Source = ""back.png"";"
Api.0002,Source incompatible for selected .NET version,Active,Potential,1,Concentration\Concentration.csproj,File,Concentration\Views\NewGame.xaml.cs,107,8,T:Microsoft.Maui.Controls.ImageSource,,,,,"tile6.Source = tile7.Source = tile8.Source = tile9.Source = tile10.Source = ""back.png"";"
Api.0002,Source incompatible for selected .NET version,Active,Potential,1,Concentration\Concentration.csproj,File,Concentration\Views\NewGame.xaml.cs,107,8,P:Microsoft.Maui.Controls.Image.Source,,,,,"tile6.Source = tile7.Source = tile8.Source = tile9.Source = tile10.Source = ""back.png"";"
Api.0002,Source incompatible for selected .NET version,Active,Potential,1,Concentration\Concentration.csproj,File,Concentration\Views\NewGame.xaml.cs,107,8,T:Microsoft.Maui.Controls.Image,,,,,"tile6.Source = tile7.Source = tile8.Source = tile9.Source = tile10.Source = ""back.png"";"
Api.0002,Source incompatible for selected .NET version,Active,Potential,1,Concentration\Concentration.csproj,File,Concentration\Views\NewGame.xaml.cs,107,8,T:Microsoft.Maui.Controls.ImageSource,,,,,"tile6.Source = tile7.Source = tile8.Source = tile9.Source = tile10.Source = ""back.png"";"
Api.0002,Source incompatible for selected .NET version,Active,Potential,1,Concentration\Concentration.csproj,File,Concentration\Views\NewGame.xaml.cs,107,8,P:Microsoft.Maui.Controls.Image.Source,,,,,"tile6.Source = tile7.Source = tile8.Source = tile9.Source = tile10.Source = ""back.png"";"
Api.0002,Source incompatible for selected .NET version,Active,Potential,1,Concentration\Concentration.csproj,File,Concentration\Views\NewGame.xaml.cs,107,8,T:Microsoft.Maui.Controls.Image,,,,,"tile6.Source = tile7.Source = tile8.Source = tile9.Source = tile10.Source = ""back.png"";"
Api.0002,Source incompatible for selected .NET version,Active,Potential,1,Concentration\Concentration.csproj,File,Concentration\Views\NewGame.xaml.cs,107,8,T:Microsoft.Maui.Controls.ImageSource,,,,,"tile6.Source = tile7.Source = tile8.Source = tile9.Source = tile10.Source = ""back.png"";"
Api.0002,Source incompatible for selected .NET version,Active,Potential,1,Concentration\Concentration.csproj,File,Concentration\Views\NewGame.xaml.cs,107,8,P:Microsoft.Maui.Controls.Image.Source,,,,,"tile6.Source = tile7.Source = tile8.Source = tile9.Source = tile10.Source = ""back.png"";"
Api.0002,Source incompatible for selected .NET version,Active,Potential,1,Concentration\Concentration.csproj,File,Concentration\Views\NewGame.xaml.cs,106,8,T:Microsoft.Maui.Controls.Image,,,,,"tile1.Source = tile2.Source = tile3.Source = tile4.Source = tile5.Source = ""back.png"";"
Api.0002,Source incompatible for selected .NET version,Active,Potential,1,Concentration\Concentration.csproj,File,Concentration\Views\NewGame.xaml.cs,106,8,T:Microsoft.Maui.Controls.ImageSource,,,,,"tile1.Source = tile2.Source = tile3.Source = tile4.Source = tile5.Source = ""back.png"";"
Api.0002,Source incompatible for selected .NET version,Active,Potential,1,Concentration\Concentration.csproj,File,Concentration\Views\NewGame.xaml.cs,106,8,P:Microsoft.Maui.Controls.Image.Source,,,,,"tile1.Source = tile2.Source = tile3.Source = tile4.Source = tile5.Source = ""back.png"";"
Api.0002,Source incompatible for selected .NET version,Active,Potential,1,Concentration\Concentration.csproj,File,Concentration\Views\NewGame.xaml.cs,106,8,T:Microsoft.Maui.Controls.Image,,,,,"tile1.Source = tile2.Source = tile3.Source = tile4.Source = tile5.Source = ""back.png"";"
Api.0002,Source incompatible for selected .NET version,Active,Potential,1,Concentration\Concentration.csproj,File,Concentration\Views\NewGame.xaml.cs,106,8,T:Microsoft.Maui.Controls.ImageSource,,,,,"tile1.Source = tile2.Source = tile3.Source = tile4.Source = tile5.Source = ""back.png"";"
Api.0002,Source incompatible for selected .NET version,Active,Potential,1,Concentration\Concentration.csproj,File,Concentration\Views\NewGame.xaml.cs,106,8,P:Microsoft.Maui.Controls.Image.Source,,,,,"tile1.Source = tile2.Source = tile3.Source = tile4.Source = tile5.Source = ""back.png"";"
Api.0002,Source incompatible for selected .NET version,Active,Potential,1,Concentration\Concentration.csproj,File,Concentration\Views\NewGame.xaml.cs,106,8,T:Microsoft.Maui.Controls.Image,,,,,"tile1.Source = tile2.Source = tile3.Source = tile4.Source = tile5.Source = ""back.png"";"
Api.0002,Source incompatible for selected .NET version,Active,Potential,1,Concentration\Concentration.csproj,File,Concentration\Views\NewGame.xaml.cs,106,8,T:Microsoft.Maui.Controls.ImageSource,,,,,"tile1.Source = tile2.Source = tile3.Source = tile4.Source = tile5.Source = ""back.png"";"
Api.0002,Source incompatible for selected .NET version,Active,Potential,1,Concentration\Concentration.csproj,File,Concentration\Views\NewGame.xaml.cs,106,8,P:Microsoft.Maui.Controls.Image.Source,,,,,"tile1.Source = tile2.Source = tile3.Source = tile4.Source = tile5.Source = ""back.png"";"
Api.0002,Source incompatible for selected .NET version,Active,Potential,1,Concentration\Concentration.csproj,File,Concentration\Views\NewGame.xaml.cs,106,8,T:Microsoft.Maui.Controls.Image,,,,,"tile1.Source = tile2.Source = tile3.Source = tile4.Source = tile5.Source = ""back.png"";"
Api.0002,Source incompatible for selected .NET version,Active,Potential,1,Concentration\Concentration.csproj,File,Concentration\Views\NewGame.xaml.cs,106,8,T:Microsoft.Maui.Controls.ImageSource,,,,,"tile1.Source = tile2.Source = tile3.Source = tile4.Source = tile5.Source = ""back.png"";"
Api.0002,Source incompatible for selected .NET version,Active,Potential,1,Concentration\Concentration.csproj,File,Concentration\Views\NewGame.xaml.cs,106,8,P:Microsoft.Maui.Controls.Image.Source,,,,,"tile1.Source = tile2.Source = tile3.Source = tile4.Source = tile5.Source = ""back.png"";"
Api.0002,Source incompatible for selected .NET version,Active,Potential,1,Concentration\Concentration.csproj,File,Concentration\Views\NewGame.xaml.cs,106,8,T:Microsoft.Maui.Controls.Image,,,,,"tile1.Source = tile2.Source = tile3.Source = tile4.Source = tile5.Source = ""back.png"";"
Api.0002,Source incompatible for selected .NET version,Active,Potential,1,Concentration\Concentration.csproj,File,Concentration\Views\NewGame.xaml.cs,106,8,T:Microsoft.Maui.Controls.ImageSource,,,,,"tile1.Source = tile2.Source = tile3.Source = tile4.Source = tile5.Source = ""back.png"";"
Api.0002,Source incompatible for selected .NET version,Active,Potential,1,Concentration\Concentration.csproj,File,Concentration\Views\NewGame.xaml.cs,106,8,P:Microsoft.Maui.Controls.Image.Source,,,,,"tile1.Source = tile2.Source = tile3.Source = tile4.Source = tile5.Source = ""back.png"";"
Api.0002,Source incompatible for selected .NET version,Active,Potential,1,Concentration\Concentration.csproj,File,Concentration\Views\NewGame.xaml.cs,99,16,T:Microsoft.Maui.Controls.Image,,,,,tile15.Source = src;
Api.0002,Source incompatible for selected .NET version,Active,Potential,1,Concentration\Concentration.csproj,File,Concentration\Views\NewGame.xaml.cs,99,16,T:Microsoft.Maui.Controls.ImageSource,,,,,tile15.Source = src;
Api.0002,Source incompatible for selected .NET version,Active,Potential,1,Concentration\Concentration.csproj,File,Concentration\Views\NewGame.xaml.cs,99,16,P:Microsoft.Maui.Controls.Image.Source,,,,,tile15.Source = src;
Api.0002,Source incompatible for selected .NET version,Active,Potential,1,Concentration\Concentration.csproj,File,Concentration\Views\NewGame.xaml.cs,96,16,T:Microsoft.Maui.Controls.Image,,,,,tile14.Source = src;
Api.0002,Source incompatible for selected .NET version,Active,Potential,1,Concentration\Concentration.csproj,File,Concentration\Views\NewGame.xaml.cs,96,16,T:Microsoft.Maui.Controls.ImageSource,,,,,tile14.Source = src;
Api.0002,Source incompatible for selected .NET version,Active,Potential,1,Concentration\Concentration.csproj,File,Concentration\Views\NewGame.xaml.cs,96,16,P:Microsoft.Maui.Controls.Image.Source,,,,,tile14.Source = src;
Api.0002,Source incompatible for selected .NET version,Active,Potential,1,Concentration\Concentration.csproj,File,Concentration\Views\NewGame.xaml.cs,93,16,T:Microsoft.Maui.Controls.Image,,,,,tile13.Source = src;
Api.0002,Source incompatible for selected .NET version,Active,Potential,1,Concentration\Concentration.csproj,File,Concentration\Views\NewGame.xaml.cs,93,16,T:Microsoft.Maui.Controls.ImageSource,,,,,tile13.Source = src;
Api.0002,Source incompatible for selected .NET version,Active,Potential,1,Concentration\Concentration.csproj,File,Concentration\Views\NewGame.xaml.cs,93,16,P:Microsoft.Maui.Controls.Image.Source,,,,,tile13.Source = src;
Api.0002,Source incompatible for selected .NET version,Active,Potential,1,Concentration\Concentration.csproj,File,Concentration\Views\NewGame.xaml.cs,90,16,T:Microsoft.Maui.Controls.Image,,,,,tile12.Source = src;
Api.0002,Source incompatible for selected .NET version,Active,Potential,1,Concentration\Concentration.csproj,File,Concentration\Views\NewGame.xaml.cs,90,16,T:Microsoft.Maui.Controls.ImageSource,,,,,tile12.Source = src;
Api.0002,Source incompatible for selected .NET version,Active,Potential,1,Concentration\Concentration.csproj,File,Concentration\Views\NewGame.xaml.cs,90,16,P:Microsoft.Maui.Controls.Image.Source,,,,,tile12.Source = src;
Api.0002,Source incompatible for selected .NET version,Active,Potential,1,Concentration\Concentration.csproj,File,Concentration\Views\NewGame.xaml.cs,87,16,T:Microsoft.Maui.Controls.Image,,,,,tile11.Source = src;
Api.0002,Source incompatible for selected .NET version,Active,Potential,1,Concentration\Concentration.csproj,File,Concentration\Views\NewGame.xaml.cs,87,16,T:Microsoft.Maui.Controls.ImageSource,,,,,tile11.Source = src;
Api.0002,Source incompatible for selected .NET version,Active,Potential,1,Concentration\Concentration.csproj,File,Concentration\Views\NewGame.xaml.cs,87,16,P:Microsoft.Maui.Controls.Image.Source,,,,,tile11.Source = src;
Api.0002,Source incompatible for selected .NET version,Active,Potential,1,Concentration\Concentration.csproj,File,Concentration\Views\NewGame.xaml.cs,84,16,T:Microsoft.Maui.Controls.Image,,,,,tile10.Source = src;
Api.0002,Source incompatible for selected .NET version,Active,Potential,1,Concentration\Concentration.csproj,File,Concentration\Views\NewGame.xaml.cs,84,16,T:Microsoft.Maui.Controls.ImageSource,,,,,tile10.Source = src;
Api.0002,Source incompatible for selected .NET version,Active,Potential,1,Concentration\Concentration.csproj,File,Concentration\Views\NewGame.xaml.cs,84,16,P:Microsoft.Maui.Controls.Image.Source,,,,,tile10.Source = src;
Api.0002,Source incompatible for selected .NET version,Active,Potential,1,Concentration\Concentration.csproj,File,Concentration\Views\NewGame.xaml.cs,81,16,T:Microsoft.Maui.Controls.Image,,,,,tile9.Source = src;
Api.0002,Source incompatible for selected .NET version,Active,Potential,1,Concentration\Concentration.csproj,File,Concentration\Views\NewGame.xaml.cs,81,16,T:Microsoft.Maui.Controls.ImageSource,,,,,tile9.Source = src;
Api.0002,Source incompatible for selected .NET version,Active,Potential,1,Concentration\Concentration.csproj,File,Concentration\Views\NewGame.xaml.cs,81,16,P:Microsoft.Maui.Controls.Image.Source,,,,,tile9.Source = src;
Api.0002,Source incompatible for selected .NET version,Active,Potential,1,Concentration\Concentration.csproj,File,Concentration\Views\NewGame.xaml.cs,78,16,T:Microsoft.Maui.Controls.Image,,,,,tile8.Source = src;
Api.0002,Source incompatible for selected .NET version,Active,Potential,1,Concentration\Concentration.csproj,File,Concentration\Views\NewGame.xaml.cs,78,16,T:Microsoft.Maui.Controls.ImageSource,,,,,tile8.Source = src;
Api.0002,Source incompatible for selected .NET version,Active,Potential,1,Concentration\Concentration.csproj,File,Concentration\Views\NewGame.xaml.cs,78,16,P:Microsoft.Maui.Controls.Image.Source,,,,,tile8.Source = src;
Api.0002,Source incompatible for selected .NET version,Active,Potential,1,Concentration\Concentration.csproj,File,Concentration\Views\NewGame.xaml.cs,75,16,T:Microsoft.Maui.Controls.Image,,,,,tile7.Source = src;
Api.0002,Source incompatible for selected .NET version,Active,Potential,1,Concentration\Concentration.csproj,File,Concentration\Views\NewGame.xaml.cs,75,16,T:Microsoft.Maui.Controls.ImageSource,,,,,tile7.Source = src;
Api.0002,Source incompatible for selected .NET version,Active,Potential,1,Concentration\Concentration.csproj,File,Concentration\Views\NewGame.xaml.cs,75,16,P:Microsoft.Maui.Controls.Image.Source,,,,,tile7.Source = src;
Api.0002,Source incompatible for selected .NET version,Active,Potential,1,Concentration\Concentration.csproj,File,Concentration\Views\NewGame.xaml.cs,72,16,T:Microsoft.Maui.Controls.Image,,,,,tile6.Source = src;
Api.0002,Source incompatible for selected .NET version,Active,Potential,1,Concentration\Concentration.csproj,File,Concentration\Views\NewGame.xaml.cs,72,16,T:Microsoft.Maui.Controls.ImageSource,,,,,tile6.Source = src;
Api.0002,Source incompatible for selected .NET version,Active,Potential,1,Concentration\Concentration.csproj,File,Concentration\Views\NewGame.xaml.cs,72,16,P:Microsoft.Maui.Controls.Image.Source,,,,,tile6.Source = src;
Api.0002,Source incompatible for selected .NET version,Active,Potential,1,Concentration\Concentration.csproj,File,Concentration\Views\NewGame.xaml.cs,69,16,T:Microsoft.Maui.Controls.Image,,,,,tile5.Source = src;
Api.0002,Source incompatible for selected .NET version,Active,Potential,1,Concentration\Concentration.csproj,File,Concentration\Views\NewGame.xaml.cs,69,16,T:Microsoft.Maui.Controls.ImageSource,,,,,tile5.Source = src;
Api.0002,Source incompatible for selected .NET version,Active,Potential,1,Concentration\Concentration.csproj,File,Concentration\Views\NewGame.xaml.cs,69,16,P:Microsoft.Maui.Controls.Image.Source,,,,,tile5.Source = src;
Api.0002,Source incompatible for selected .NET version,Active,Potential,1,Concentration\Concentration.csproj,File,Concentration\Views\NewGame.xaml.cs,66,16,T:Microsoft.Maui.Controls.Image,,,,,tile4.Source = src;
Api.0002,Source incompatible for selected .NET version,Active,Potential,1,Concentration\Concentration.csproj,File,Concentration\Views\NewGame.xaml.cs,66,16,T:Microsoft.Maui.Controls.ImageSource,,,,,tile4.Source = src;
Api.0002,Source incompatible for selected .NET version,Active,Potential,1,Concentration\Concentration.csproj,File,Concentration\Views\NewGame.xaml.cs,66,16,P:Microsoft.Maui.Controls.Image.Source,,,,,tile4.Source = src;
Api.0002,Source incompatible for selected .NET version,Active,Potential,1,Concentration\Concentration.csproj,File,Concentration\Views\NewGame.xaml.cs,63,16,T:Microsoft.Maui.Controls.Image,,,,,tile3.Source = src;
Api.0002,Source incompatible for selected .NET version,Active,Potential,1,Concentration\Concentration.csproj,File,Concentration\Views\NewGame.xaml.cs,63,16,T:Microsoft.Maui.Controls.ImageSource,,,,,tile3.Source = src;
Api.0002,Source incompatible for selected .NET version,Active,Potential,1,Concentration\Concentration.csproj,File,Concentration\Views\NewGame.xaml.cs,63,16,P:Microsoft.Maui.Controls.Image.Source,,,,,tile3.Source = src;
Api.0002,Source incompatible for selected .NET version,Active,Potential,1,Concentration\Concentration.csproj,File,Concentration\Views\NewGame.xaml.cs,60,16,T:Microsoft.Maui.Controls.Image,,,,,tile2.Source = src;
Api.0002,Source incompatible for selected .NET version,Active,Potential,1,Concentration\Concentration.csproj,File,Concentration\Views\NewGame.xaml.cs,60,16,T:Microsoft.Maui.Controls.ImageSource,,,,,tile2.Source = src;
Api.0002,Source incompatible for selected .NET version,Active,Potential,1,Concentration\Concentration.csproj,File,Concentration\Views\NewGame.xaml.cs,60,16,P:Microsoft.Maui.Controls.Image.Source,,,,,tile2.Source = src;
Api.0002,Source incompatible for selected .NET version,Active,Potential,1,Concentration\Concentration.csproj,File,Concentration\Views\NewGame.xaml.cs,57,16,T:Microsoft.Maui.Controls.Image,,,,,tile1.Source = src;
Api.0002,Source incompatible for selected .NET version,Active,Potential,1,Concentration\Concentration.csproj,File,Concentration\Views\NewGame.xaml.cs,57,16,T:Microsoft.Maui.Controls.ImageSource,,,,,tile1.Source = src;
Api.0002,Source incompatible for selected .NET version,Active,Potential,1,Concentration\Concentration.csproj,File,Concentration\Views\NewGame.xaml.cs,57,16,P:Microsoft.Maui.Controls.Image.Source,,,,,tile1.Source = src;
Api.0002,Source incompatible for selected .NET version,Active,Potential,1,Concentration\Concentration.csproj,File,Concentration\Views\NewGame.xaml.cs,54,16,T:Microsoft.Maui.Controls.Image,,,,,tile0.Source = src;
Api.0002,Source incompatible for selected .NET version,Active,Potential,1,Concentration\Concentration.csproj,File,Concentration\Views\NewGame.xaml.cs,54,16,T:Microsoft.Maui.Controls.ImageSource,,,,,tile0.Source = src;
Api.0002,Source incompatible for selected .NET version,Active,Potential,1,Concentration\Concentration.csproj,File,Concentration\Views\NewGame.xaml.cs,54,16,P:Microsoft.Maui.Controls.Image.Source,,,,,tile0.Source = src;
Api.0002,Source incompatible for selected .NET version,Active,Potential,1,Concentration\Concentration.csproj,File,Concentration\Views\NewGame.xaml.cs,11,8,M:Microsoft.Maui.Controls.Page.OnAppearing,,,,,base.OnAppearing();
Api.0002,Source incompatible for selected .NET version,Active,Potential,1,Concentration\Concentration.csproj,File,Concentration\Views\NewGame.xaml.cs,4,4,M:Microsoft.Maui.Controls.ContentPage.#ctor,,,,,public NewGame()      {          InitializeComponent();      }
Api.0002,Source incompatible for selected .NET version,Active,Potential,1,Concentration\Concentration.csproj,File,Concentration\Views\NewGame.xaml.cs,4,4,M:Microsoft.Maui.Controls.ContentPage.#ctor,,,,,public NewGame()      {          InitializeComponent();      }
Api.0002,Source incompatible for selected .NET version,Active,Potential,1,Concentration\Concentration.csproj,File,Concentration\Views\NewGame.xaml.cs,2,31,T:Microsoft.Maui.Controls.ContentPage,,,,,ContentPage
Api.0002,Source incompatible for selected .NET version,Active,Potential,1,Concentration\Concentration.csproj,File,Concentration\obj\Release\net10.0-windows10.0.26100.0\win-x64\Microsoft.Maui.Controls.SourceGen\Microsoft.Maui.Controls.SourceGen.XamlGenerator\Views_MainPage.xaml.sg.cs,32,3,T:Microsoft.Maui.Controls.NameScopeExtensions,,,,,"viewModel = global::Microsoft.Maui.Controls.NameScopeExtensions.FindByName<global::Concentration.ViewModels.StartupViewModel>(this, ""viewModel"");"
Api.0002,Source incompatible for selected .NET version,Active,Potential,1,Concentration\Concentration.csproj,File,Concentration\obj\Release\net10.0-windows10.0.26100.0\win-x64\Microsoft.Maui.Controls.SourceGen\Microsoft.Maui.Controls.SourceGen.XamlGenerator\Views_MainPage.xaml.sg.cs,32,3,"M:Microsoft.Maui.Controls.NameScopeExtensions.FindByName``1(Microsoft.Maui.Controls.Element,System.String)",,,,,"viewModel = global::Microsoft.Maui.Controls.NameScopeExtensions.FindByName<global::Concentration.ViewModels.StartupViewModel>(this, ""viewModel"");"
Api.0002,Source incompatible for selected .NET version,Active,Potential,1,Concentration\Concentration.csproj,File,Concentration\obj\Release\net10.0-windows10.0.26100.0\win-x64\Microsoft.Maui.Controls.SourceGen\Microsoft.Maui.Controls.SourceGen.XamlGenerator\Views_MainPage.xaml.sg.cs,31,3,T:Microsoft.Maui.Controls.Xaml.Extensions,,,,,"global::Microsoft.Maui.Controls.Xaml.Extensions.LoadFromXaml(this, typeof(MainPage));"
Api.0002,Source incompatible for selected .NET version,Active,Potential,1,Concentration\Concentration.csproj,File,Concentration\Views\MainPage.xaml.cs,11,12,M:Microsoft.Maui.Controls.Page.OnAppearing,,,,,base.OnAppearing();
Api.0002,Source incompatible for selected .NET version,Active,Potential,1,Concentration\Concentration.csproj,File,Concentration\Views\MainPage.xaml.cs,4,8,M:Microsoft.Maui.Controls.ContentPage.#ctor,,,,,public MainPage()          {              InitializeComponent();          }
Api.0002,Source incompatible for selected .NET version,Active,Potential,1,Concentration\Concentration.csproj,File,Concentration\Views\MainPage.xaml.cs,4,8,M:Microsoft.Maui.Controls.ContentPage.#ctor,,,,,public MainPage()          {              InitializeComponent();          }
Api.0002,Source incompatible for selected .NET version,Active,Potential,1,Concentration\Concentration.csproj,File,Concentration\Views\MainPage.xaml.cs,2,36,T:Microsoft.Maui.Controls.ContentPage,,,,,ContentPage
Api.0002,Source incompatible for selected .NET version,Active,Potential,1,Concentration\Concentration.csproj,File,Concentration\ViewModels\StartupViewModel.cs,27,12,T:Microsoft.Maui.Controls.Shell,,,,,"await Shell.Current.GoToAsync(""//NewGame"");"
Api.0002,Source incompatible for selected .NET version,Active,Potential,1,Concentration\Concentration.csproj,File,Concentration\ViewModels\StartupViewModel.cs,27,12,T:Microsoft.Maui.Controls.Shell,,,,,"await Shell.Current.GoToAsync(""//NewGame"");"
Api.0002,Source incompatible for selected .NET version,Active,Potential,1,Concentration\Concentration.csproj,File,Concentration\ViewModels\StartupViewModel.cs,27,12,P:Microsoft.Maui.Controls.Shell.Current,,,,,"await Shell.Current.GoToAsync(""//NewGame"");"
Api.0002,Source incompatible for selected .NET version,Active,Potential,1,Concentration\Concentration.csproj,File,Concentration\ViewModels\StartupViewModel.cs,27,12,M:Microsoft.Maui.Controls.Shell.GoToAsync(Microsoft.Maui.Controls.ShellNavigationState),,,,,"await Shell.Current.GoToAsync(""//NewGame"");"
Api.0002,Source incompatible for selected .NET version,Active,Potential,1,Concentration\Concentration.csproj,File,Concentration\ViewModels\GameViewModel.cs,150,12,T:Microsoft.Maui.Storage.FileSystem,,,,,"AudioManager.Current.CreatePlayer(await FileSystem.OpenAppPackageFileAsync($""{name}.wav"")).Play();"
Api.0002,Source incompatible for selected .NET version,Active,Potential,1,Concentration\Concentration.csproj,File,Concentration\ViewModels\GameViewModel.cs,150,12,M:Microsoft.Maui.Storage.FileSystem.OpenAppPackageFileAsync(System.String),,,,,"AudioManager.Current.CreatePlayer(await FileSystem.OpenAppPackageFileAsync($""{name}.wav"")).Play();"
Api.0003,Behavioral change in selected .NET version,Active,Potential,1,Concentration\Concentration.csproj,File,Concentration\obj\Debug\net10.0-windows10.0.26100.0\win-x64\Platforms\Windows\App.g.i.cs,50,12,T:System.Uri,,,,,"global::System.Uri resourceLocator = new global::System.Uri(""ms-appx:///Platforms/Windows/App.xaml"");"
Api.0003,Behavioral change in selected .NET version,Active,Potential,1,Concentration\Concentration.csproj,File,Concentration\obj\Debug\net10.0-windows10.0.26100.0\win-x64\Platforms\Windows\App.g.i.cs,50,12,M:System.Uri.#ctor(System.String),,,,,"global::System.Uri resourceLocator = new global::System.Uri(""ms-appx:///Platforms/Windows/App.xaml"");"
Api.0002,Source incompatible for selected .NET version,Active,Potential,1,Concentration\Concentration.csproj,File,Concentration\Platforms\Windows\App.xaml.cs,21,8,T:Microsoft.Maui.Hosting.MauiApp,,,,,protected override MauiApp CreateMauiApp()
Api.0002,Source incompatible for selected .NET version,Active,Potential,1,Concentration\Concentration.csproj,File,Concentration\Platforms\Windows\App.xaml.cs,21,54,T:Microsoft.Maui.Hosting.MauiApp,,,,,MauiProgram.CreateMauiApp()
Api.0001,Binary incompatible for selected .NET version,Active,Mandatory,1,Concentration\Concentration.csproj,File,Concentration\Platforms\Windows\App.xaml.cs,16,8,M:Microsoft.Maui.MauiWinUIApplication.#ctor,,,,,public App()          {              this.InitializeComponent();          }
Api.0001,Binary incompatible for selected .NET version,Active,Mandatory,1,Concentration\Concentration.csproj,File,Concentration\Platforms\Windows\App.xaml.cs,16,8,M:Microsoft.Maui.MauiWinUIApplication.#ctor,,,,,public App()          {              this.InitializeComponent();          }
Api.0001,Binary incompatible for selected .NET version,Active,Mandatory,1,Concentration\Concentration.csproj,File,Concentration\Platforms\Windows\App.xaml.cs,10,31,T:Microsoft.Maui.MauiWinUIApplication,,,,,MauiWinUIApplication
Api.0002,Source incompatible for selected .NET version,Active,Potential,1,Concentration\Concentration.csproj,File,Concentration\obj\Release\net10.0-windows10.0.26100.0\win-x64\Microsoft.Maui.Controls.SourceGen\Microsoft.Maui.Controls.SourceGen.XamlGenerator\AppShell.xaml.sg.cs,22,3,T:Microsoft.Maui.Controls.Xaml.Extensions,,,,,"global::Microsoft.Maui.Controls.Xaml.Extensions.LoadFromXaml(this, typeof(AppShell));"
Api.0002,Source incompatible for selected .NET version,Active,Potential,1,Concentration\Concentration.csproj,File,Concentration\AppShell.xaml.cs,4,8,M:Microsoft.Maui.Controls.Shell.#ctor,,,,,public AppShell()          {              InitializeComponent();          }
Api.0002,Source incompatible for selected .NET version,Active,Potential,1,Concentration\Concentration.csproj,File,Concentration\AppShell.xaml.cs,4,8,M:Microsoft.Maui.Controls.Shell.#ctor,,,,,public AppShell()          {              InitializeComponent();          }
Api.0002,Source incompatible for selected .NET version,Active,Potential,1,Concentration\Concentration.csproj,File,Concentration\AppShell.xaml.cs,2,36,T:Microsoft.Maui.Controls.Shell,,,,,Shell
Api.0002,Source incompatible for selected .NET version,Active,Potential,1,Concentration\Concentration.csproj,File,Concentration\MauiProgram.cs,7,8,T:Microsoft.Maui.Hosting.MauiApp,,,,,public static MauiApp CreateMauiApp()
Api.0002,Source incompatible for selected .NET version,Active,Potential,1,Concentration\Concentration.csproj,File,Concentration\MauiProgram.cs,23,12,T:Microsoft.Maui.Hosting.MauiApp,,,,,return builder.Build();
Api.0002,Source incompatible for selected .NET version,Active,Potential,1,Concentration\Concentration.csproj,File,Concentration\MauiProgram.cs,23,12,M:Microsoft.Maui.Hosting.MauiAppBuilder.Build,,,,,return builder.Build();
Api.0002,Source incompatible for selected .NET version,Active,Potential,1,Concentration\Concentration.csproj,File,Concentration\MauiProgram.cs,20,6,P:Microsoft.Maui.Hosting.MauiAppBuilder.Logging,,,,,builder.Logging.AddDebug();
Api.0002,Source incompatible for selected .NET version,Active,Potential,1,Concentration\Concentration.csproj,File,Concentration\MauiProgram.cs,16,20,T:Microsoft.Maui.Hosting.FontCollectionExtensions,,,,,"fonts.AddFont(""AmaticSC-Bold.ttf"", ""AmaticSCBold"");"
Api.0002,Source incompatible for selected .NET version,Active,Potential,1,Concentration\Concentration.csproj,File,Concentration\MauiProgram.cs,16,20,T:Microsoft.Maui.Hosting.IFontCollection,,,,,"fonts.AddFont(""AmaticSC-Bold.ttf"", ""AmaticSCBold"");"
Api.0002,Source incompatible for selected .NET version,Active,Potential,1,Concentration\Concentration.csproj,File,Concentration\MauiProgram.cs,16,20,"M:Microsoft.Maui.Hosting.FontCollectionExtensions.AddFont(Microsoft.Maui.Hosting.IFontCollection,System.String,System.String)",,,,,"fonts.AddFont(""AmaticSC-Bold.ttf"", ""AmaticSCBold"");"
Api.0002,Source incompatible for selected .NET version,Active,Potential,1,Concentration\Concentration.csproj,File,Concentration\MauiProgram.cs,15,20,T:Microsoft.Maui.Hosting.FontCollectionExtensions,,,,,"fonts.AddFont(""AmaticSC-Regular.ttf"", ""AmaticSCRegular"");"
Api.0002,Source incompatible for selected .NET version,Active,Potential,1,Concentration\Concentration.csproj,File,Concentration\MauiProgram.cs,15,20,T:Microsoft.Maui.Hosting.IFontCollection,,,,,"fonts.AddFont(""AmaticSC-Regular.ttf"", ""AmaticSCRegular"");"
Api.0002,Source incompatible for selected .NET version,Active,Potential,1,Concentration\Concentration.csproj,File,Concentration\MauiProgram.cs,15,20,"M:Microsoft.Maui.Hosting.FontCollectionExtensions.AddFont(Microsoft.Maui.Hosting.IFontCollection,System.String,System.String)",,,,,"fonts.AddFont(""AmaticSC-Regular.ttf"", ""AmaticSCRegular"");"
Api.0002,Source incompatible for selected .NET version,Active,Potential,1,Concentration\Concentration.csproj,File,Concentration\MauiProgram.cs,10,12,T:Microsoft.Maui.Controls.Hosting.AppHostBuilderExtensions,,,,,"builder                  .UseMauiApp<App>()                  .ConfigureMopups()                  .ConfigureFonts(fonts =>                  {                      fonts.AddFont(""AmaticSC-Regular.ttf"", ""AmaticSCRegular"");                      fonts.AddFont(""AmaticSC-Bold.ttf"", ""AmaticSCBold"");                  });"
Api.0002,Source incompatible for selected .NET version,Active,Potential,1,Concentration\Concentration.csproj,File,Concentration\MauiProgram.cs,10,12,T:Microsoft.Maui.Hosting.MauiAppBuilder,,,,,"builder                  .UseMauiApp<App>()                  .ConfigureMopups()                  .ConfigureFonts(fonts =>                  {                      fonts.AddFont(""AmaticSC-Regular.ttf"", ""AmaticSCRegular"");                      fonts.AddFont(""AmaticSC-Bold.ttf"", ""AmaticSCBold"");                  });"
Api.0002,Source incompatible for selected .NET version,Active,Potential,1,Concentration\Concentration.csproj,File,Concentration\MauiProgram.cs,10,12,M:Microsoft.Maui.Controls.Hosting.AppHostBuilderExtensions.UseMauiApp``1(Microsoft.Maui.Hosting.MauiAppBuilder),,,,,"builder                  .UseMauiApp<App>()                  .ConfigureMopups()                  .ConfigureFonts(fonts =>                  {                      fonts.AddFont(""AmaticSC-Regular.ttf"", ""AmaticSCRegular"");                      fonts.AddFont(""AmaticSC-Bold.ttf"", ""AmaticSCBold"");                  });"
Api.0002,Source incompatible for selected .NET version,Active,Potential,1,Concentration\Concentration.csproj,File,Concentration\MauiProgram.cs,10,12,T:Microsoft.Maui.Hosting.MauiAppBuilder,,,,,"builder                  .UseMauiApp<App>()                  .ConfigureMopups()                  .ConfigureFonts(fonts =>                  {                      fonts.AddFont(""AmaticSC-Regular.ttf"", ""AmaticSCRegular"");                      fonts.AddFont(""AmaticSC-Bold.ttf"", ""AmaticSCBold"");                  });"
Api.0002,Source incompatible for selected .NET version,Active,Potential,1,Concentration\Concentration.csproj,File,Concentration\MauiProgram.cs,10,12,T:Microsoft.Maui.Hosting.FontsMauiAppBuilderExtensions,,,,,"builder                  .UseMauiApp<App>()                  .ConfigureMopups()                  .ConfigureFonts(fonts =>                  {                      fonts.AddFont(""AmaticSC-Regular.ttf"", ""AmaticSCRegular"");                      fonts.AddFont(""AmaticSC-Bold.ttf"", ""AmaticSCBold"");                  });"
Api.0002,Source incompatible for selected .NET version,Active,Potential,1,Concentration\Concentration.csproj,File,Concentration\MauiProgram.cs,10,12,T:Microsoft.Maui.Hosting.MauiAppBuilder,,,,,"builder                  .UseMauiApp<App>()                  .ConfigureMopups()                  .ConfigureFonts(fonts =>                  {                      fonts.AddFont(""AmaticSC-Regular.ttf"", ""AmaticSCRegular"");                      fonts.AddFont(""AmaticSC-Bold.ttf"", ""AmaticSCBold"");                  });"
Api.0002,Source incompatible for selected .NET version,Active,Potential,1,Concentration\Concentration.csproj,File,Concentration\MauiProgram.cs,10,12,"M:Microsoft.Maui.Hosting.FontsMauiAppBuilderExtensions.ConfigureFonts(Microsoft.Maui.Hosting.MauiAppBuilder,System.Action{Microsoft.Maui.Hosting.IFontCollection})",,,,,"builder                  .UseMauiApp<App>()                  .ConfigureMopups()                  .ConfigureFonts(fonts =>                  {                      fonts.AddFont(""AmaticSC-Regular.ttf"", ""AmaticSCRegular"");                      fonts.AddFont(""AmaticSC-Bold.ttf"", ""AmaticSCBold"");                  });"
Api.0002,Source incompatible for selected .NET version,Active,Potential,1,Concentration\Concentration.csproj,File,Concentration\MauiProgram.cs,9,12,T:Microsoft.Maui.Hosting.MauiApp,,,,,var builder = MauiApp.CreateBuilder();
Api.0002,Source incompatible for selected .NET version,Active,Potential,1,Concentration\Concentration.csproj,File,Concentration\MauiProgram.cs,9,12,T:Microsoft.Maui.Hosting.MauiAppBuilder,,,,,var builder = MauiApp.CreateBuilder();
Api.0002,Source incompatible for selected .NET version,Active,Potential,1,Concentration\Concentration.csproj,File,Concentration\MauiProgram.cs,9,12,M:Microsoft.Maui.Hosting.MauiApp.CreateBuilder(System.Boolean),,,,,var builder = MauiApp.CreateBuilder();
Api.0002,Source incompatible for selected .NET version,Active,Potential,1,Concentration\Concentration.csproj,File,Concentration\obj\Release\net10.0-windows10.0.26100.0\win-x64\Microsoft.Maui.Controls.SourceGen\Microsoft.Maui.Controls.SourceGen.XamlGenerator\App.xaml.sg.cs,22,3,T:Microsoft.Maui.Controls.Xaml.Extensions,,,,,"global::Microsoft.Maui.Controls.Xaml.Extensions.LoadFromXaml(this, typeof(App));"
Api.0002,Source incompatible for selected .NET version,Active,Potential,1,Concentration\Concentration.csproj,File,Concentration\App.xaml.cs,25,8,T:Microsoft.Maui.IActivationState,,,,,protected override Window CreateWindow(IActivationState? activationState)
Api.0002,Source incompatible for selected .NET version,Active,Potential,1,Concentration\Concentration.csproj,File,Concentration\App.xaml.cs,25,8,T:Microsoft.Maui.Controls.Window,,,,,protected override Window CreateWindow(IActivationState? activationState)
Api.0002,Source incompatible for selected .NET version,Active,Potential,1,Concentration\Concentration.csproj,File,Concentration\App.xaml.cs,25,85,T:Microsoft.Maui.Controls.Window,,,,,new Window(new AppShell())
Api.0002,Source incompatible for selected .NET version,Active,Potential,1,Concentration\Concentration.csproj,File,Concentration\App.xaml.cs,25,85,M:Microsoft.Maui.Controls.Window.#ctor(Microsoft.Maui.Controls.Page),,,,,new Window(new AppShell())
Api.0002,Source incompatible for selected .NET version,Active,Potential,1,Concentration\Concentration.csproj,File,Concentration\App.xaml.cs,12,8,M:Microsoft.Maui.Controls.Application.#ctor,,,,,public App()          {              App.Self = this;                Service = Startup.Init();              InitializeComponent();                            SetupSQLiteConnection();                // create SQLite repositiory class              new SqLiteRepository();          }
Api.0002,Source incompatible for selected .NET version,Active,Potential,1,Concentration\Concentration.csproj,File,Concentration\App.xaml.cs,12,8,M:Microsoft.Maui.Controls.Application.#ctor,,,,,public App()          {              App.Self = this;                Service = Startup.Init();              InitializeComponent();                            SetupSQLiteConnection();                // create SQLite repositiory class              new SqLiteRepository();          }
Api.0002,Source incompatible for selected .NET version,Active,Potential,1,Concentration\Concentration.csproj,File,Concentration\App.xaml.cs,6,31,T:Microsoft.Maui.Controls.Application,,,,,Application
